Pattern,Board ID,Sensor,Status,Time to Failure (ms),Current,Location,Date,Solution,Voltage,Notes,CV_Post,CF_Post,Tags,CV_Baseline,CF_Baseline,Ph,Image_PRISTINE,Image_EXPOSED,Dendrite Score,R_PRISTINE,G_PRISTINE,B_PRISTINE,R_EXPOSED,G_EXPOSED,B_EXPOSED,Brightness Pristine,Brightness Exposed
1.0,03_01_0001,U1,Not started,,,,,,,,,,,03_01_0001_U1_20240411_CV_0.csv,03_01_0001_U1_20240411_CF_0.csv,,03_01_0246_000_U1.jpg,,,,,,,,,,
1.0,03_01_0001,U2,Not started,,,,,,,,,,,03_01_0001_U2_20240411_CV_0.csv,03_01_0001_U2_20240411_CF_0.csv,,03_01_0246_000_U2.jpg,,,,,,,,,,
1.0,03_01_0001,U3,Not started,,,,,,,,,,,03_01_0001_U3_20240411_CV_0.csv,03_01_0001_U3_20240411_CF_0.csv,,03_01_0246_000_U3.jpg,,,,,,,,,,
1.0,03_01_0001,U4,Not started,,,,,,,,,,,03_01_0001_U4_20240411_CV_0.csv,03_01_0001_U4_20240411_CF_0.csv,,03_01_0246_000_U4.jpg,,,,,,,,,,
1.0,03_01_0006,U1,Not started,,,,,,,,,,,03_01_0006_U1_20240411_CV_0.csv,03_01_0006_U1_20240411_CF_0.csv,,03_01_0246_000_U1.jpg,,,,,,,,,,
1.0,03_01_0006,U2,Not started,,,,,,,,,,,03_01_0006_U2_20240411_CV_0.csv,03_01_0006_U2_20240411_CF_0.csv,,03_01_0246_000_U2.jpg,,,,,,,,,,
1.0,03_01_0006,U3,Not started,,,,,,,,,,,03_01_0006_U3_20240411_CV_0.csv,03_01_0006_U3_20240411_CF_0.csv,,03_01_0246_000_U3.jpg,,,,,,,,,,
1.0,03_01_0006,U4,Not started,,,,,,,,,,,03_01_0006_U4_20240411_CV_0.csv,03_01_0006_U4_20240411_CF_0.csv,,03_01_0246_000_U4.jpg,,,,,,,,,,
1.0,03_01_0011,U1,Not started,,,,,,,,,,,03_01_0011_U1_20240411_CV_0.csv,03_01_0011_U1_20240411_CF_0.csv,,03_01_0246_000_U1.jpg,,,,,,,,,,
1.0,03_01_0011,U2,Not started,,,,,,,,,,,03_01_0011_U2_20240411_CV_0.csv,03_01_0011_U2_20240411_CF_0.csv,,03_01_0246_000_U2.jpg,,,,,,,,,,
1.0,03_01_0011,U3,Not started,,,,,,,,,,,03_01_0011_U3_20240411_CV_0.csv,03_01_0011_U3_20240411_CF_0.csv,,03_01_0246_000_U3.jpg,,,,,,,,,,
1.0,03_01_0011,U4,Not started,,,,,,,,,,,03_01_0011_U4_20240411_CV_0.csv,03_01_0011_U4_20240411_CF_0.csv,,03_01_0246_000_U4.jpg,,,,,,,,,,
1.0,03_01_0016,U1,Not started,,,,,,,,,,,03_01_0016_U1_20240411_CV_0.csv,03_01_0016_U1_20240411_CF_0.csv,,03_01_0246_000_U1.jpg,,,,,,,,,,
1.0,03_01_0016,U2,Not started,,,,,,,,,,,03_01_0016_U2_20240411_CV_0.csv,03_01_0016_U2_20240411_CF_0.csv,,03_01_0246_000_U2.jpg,,,,,,,,,,
1.0,03_01_0016,U3,Not started,,,,,,,,,,,03_01_0016_U3_20240411_CV_0.csv,03_01_0016_U3_20240411_CF_0.csv,,03_01_0246_000_U3.jpg,,,,,,,,,,
1.0,03_01_0016,U4,Not started,,,,,,,,,,,03_01_0016_U4_20240411_CV_0.csv,03_01_0016_U4_20240411_CF_0.csv,,03_01_0246_000_U4.jpg,,,,,,,,,,
1.0,03_01_0021,U1,Not started,,,,,,,,,,,03_01_0021_U1_20240411_CV_0.csv,03_01_0021_U1_20240411_CF_0.csv,,03_01_0246_000_U1.jpg,,,,,,,,,,
1.0,03_01_0021,U2,Not started,,,,,,,,,,,03_01_0021_U2_20240411_CV_0.csv,03_01_0021_U2_20240411_CF_0.csv,,03_01_0246_000_U2.jpg,,,,,,,,,,
1.0,03_01_0021,U3,Not started,,,,,,,,,,,03_01_0021_U3_20240411_CV_0.csv,03_01_0021_U3_20240411_CF_0.csv,,03_01_0246_000_U3.jpg,,,,,,,,,,
1.0,03_01_0021,U4,Not started,,,,,,,,,,,03_01_0021_U4_20240411_CV_0.csv,03_01_0021_U4_20240411_CF_0.csv,,03_01_0246_000_U4.jpg,,,,,,,,,,
1.0,03_01_0026,U1,Not started,,,,,,,,03_01_0026_U1_20250117_CV_1.csv,03_01_0026_U1_20250117_CF_1.csv,,03_01_0026_U1_20240411_CV_0.csv,03_01_0026_U1_20240411_CF_0.csv,,03_01_0246_000_U1.jpg,,,,,,,,,,
1.0,03_01_0026,U2,Not started,,,,,,,,03_01_0026_U2_20250117_CV_1.csv,03_01_0026_U2_20250117_CF_1.csv,,03_01_0026_U2_20240411_CV_0.csv,03_01_0026_U2_20240411_CF_0.csv,,03_01_0246_000_U2.jpg,,,,,,,,,,
1.0,03_01_0026,U3,Not started,,,,,,,,03_01_0026_U3_20250117_CV_1.csv,03_01_0026_U3_20250117_CF_1.csv,,03_01_0026_U3_20240411_CV_0.csv,03_01_0026_U3_20240411_CF_0.csv,,03_01_0246_000_U3.jpg,,,,,,,,,,
1.0,03_01_0026,U4,Not started,,,,,,,,03_01_0026_U4_20250117_CV_1.csv,03_01_0026_U4_20250117_CF_1.csv,,03_01_0026_U4_20240411_CV_0.csv,03_01_0026_U4_20240411_CF_0.csv,,03_01_0246_000_U4.jpg,,,,,,,,,,
1.0,03_01_0031,U1,Measure/Scanned,24228.0,,CREOL-A112,,DI Water,5.0,,03_01_0031_U1_20241001_CV_1.csv,03_01_0031_U1_20241001_CF_1.csv,,03_01_0031_U1_20240411_CV_0.csv,03_01_0031_U1_20240411_CF_0.csv,,03_01_0246_000_U1.jpg,,,,,,,,,,
1.0,03_01_0031,U2,Measure/Scanned,26460.0,,CREOL-A112,,DI Water,5.0,,03_01_0031_U2_20241001_CV_1.csv,03_01_0031_U2_20241001_CF_1.csv,,03_01_0031_U2_20240411_CV_0.csv,03_01_0031_U2_20240411_CF_0.csv,,03_01_0246_000_U2.jpg,,,,,,,,,,
1.0,03_01_0031,U3,Measure/Scanned,26520.0,,CREOL-A112,,DI Water,5.0,,03_01_0031_U3_20241001_CV_1.csv,03_01_0031_U3_20241001_CF_1.csv,,03_01_0031_U3_20240411_CV_0.csv,03_01_0031_U3_20240411_CF_0.csv,,03_01_0246_000_U3.jpg,,,,,,,,,,
1.0,03_01_0031,U4,Measure/Scanned,29032.0,,CREOL-A112,,DI Water,5.0,,03_01_0031_U4_20241001_CV_1.csv,03_01_0031_U4_20241001_CF_1.csv,,03_01_0031_U4_20240411_CV_0.csv,03_01_0031_U4_20240411_CF_0.csv,,03_01_0246_000_U4.jpg,,,,,,,,,,
1.0,03_01_0036,U2,Measure/Scanned,28888.0,0.0054,CREOL-A112,10/2/2024,DI Water,5.0,,03_01_0036_U2_20241015_CV_1.csv,03_01_0036_U2_20241015_CF_1.csv,,03_01_0036_U2_20240411_CV_0.csv,03_01_0036_U2_20240411_CF_0.csv,,03_01_0246_000_U2.jpg,03_01_0036_001_U2.jpg,33.47480822456357,169.06813308834222,106.84261523615646,33.47536385147193,174.33080763092002,119.87230997134866,63.85782750137888,103.12870405865687,119.35364836788251
1.0,03_01_0036,U3,Measure/Scanned,28939.0,0.0099,CREOL-A112,10/2/2024,DI Water,5.0,,03_01_0036_U3_20241015_CV_1.csv,03_01_0036_U3_20241015_CF_1.csv,,03-01-0036_U3_20240411_CV_0.csv,03-01-0036_U3_20240411_CF_0.csv,,03_01_0246_000_U3.jpg,03_01_0036_001_U3.jpg,29.697771498468065,170.62076942578273,108.23621498288756,36.078474246841594,174.98229326513214,120.16976312264036,62.92107416879795,104.97848621850397,119.35771018552349
1.0,03_01_0036,U4,Measure/Scanned,41796.0,0.0054,CREOL-A112,10/2/2024,DI Water,5.0,,03_01_0036_U4_20241015_CV_1.csv,03_01_0036_U4_20241015_CF_1.csv,,03_01_0036_U4_20240411_CV_0.csv,03_01_0036_U4_20240411_CF_0.csv,,03_01_0246_000_U4.jpg,03_01_0036_001_U4.jpg,29.34337935514959,171.2602970642605,108.73311012578047,36.26561526429412,174.982900060873,120.57694584691039,62.853200606342725,105.41967415144502,119.4710155047087
1.0,03_01_0036,U1,Measure/Scanned,33541.0,,CREOL-A112,10/2/2024,DI Water,5.0,,03_01_0036_U1_20241015_CV_1.csv,03_01_0036_U1_20241015_CF_1.csv,,03_01_0036_U1_20240411_CV_0.csv,03_01_0036_U1_20240411_CF_0.csv,,03_01_0246_000_U1.jpg,03_01_0036_001_U1.jpg,33.419092902117285,170.6631897179398,108.07531630208828,33.75239534859181,175.6693321940942,121.67767018297202,63.86468979468136,104.16363378953996,120.40389739058253
1.0,03_01_0041,U1,Failed,98109.0,03_01_0041_U1_20250505_i.csv,R1-379,5/5/2025,Adipic Acid - 1.24mM,3.0,3.89 final,,03_01_0041_U1_20250508_CF_1.csv,,03_01_0041_U1_20240411_CV_0.csv,03_01_0041_U1_20240411_CF_0.csv,4.02,03_01_0246_000_U1.jpg,,,,,,,,,,
1.0,03_01_0041,U2,Failed,84786.0,03_01_0041_U2_20250505_i.csv,R1-379,5/5/2025,Adipic Acid - 1.24mM,3.0,,,03_01_0041_U2_20250508_CF_1.csv,,03_01_0041_U2_20240411_CV_0.csv,03_01_0041_U2_20240411_CF_0.csv,,03_01_0246_000_U2.jpg,,,,,,,,,,
1.0,03_01_0041,U3,Failed,85579.0,03_01_0041_U3_20250505_i.csv,R1-379,5/5/2025,Adipic Acid - 1.24mM,3.0,,,03_01_0041_U3_20250508_CF_1.csv,,03_01_0041_U3_20240411_CV_0.csv,03_01_0041_U3_20240411_CF_0.csv,,03_01_0246_000_U3.jpg,,,,,,,,,,
1.0,03_01_0041,U4,Failed,75816.0,03_01_0041_U4_20250505_i.csv,R1-379,5/5/2025,Adipic Acid - 1.24mM,3.0,4.02 start,,03_01_0041_U4_20250508_CF_1.csv,,03_01_0041_U4_20240411_CV_0.csv,03_01_0041_U4_20240411_CF_0.csv,4.02,03_01_0246_000_U4.jpg,,,,,,,,,,
1.0,03_01_0046,U1,Failed,57093.0,03_01_0046_U1_20250416_I.csv,R1-379,4/16/2025,Succinic 0.388mM,3.0,4.26,,03_01_0046_U1_20250508_CF_1.csv,,03_01_0046_U1_20240411_CV_0.csv,03_01_0046_U1_20240411_CF_0.csv,4.1,03_01_0246_000_U1.jpg,,,,,,,,,,
1.0,03_01_0046,U2,Failed,75845.0,03_01_0046_U2_20250416_I.csv,R1-379,4/16/2025,Succinic 0.388mM,3.0,,,03_01_0046_U2_20250508_CF_1.csv,,03_01_0046_U2_20240411_CV_0.csv,03_01_0046_U2_20240411_CF_0.csv,,03_01_0246_000_U2.jpg,,,,,,,,,,
1.0,03_01_0046,U3,Failed,49974.0,03_01_0046_U3_20250416_I.csv,R1-379,4/16/2025,Succinic 0.388mM,3.0,,,03_01_0046_U3_20250508_CF_1.csv,,03_01_0046_U3_20240411_CV_0.csv,03_01_0046_U3_20240411_CF_0.csv,,03_01_0246_000_U3.jpg,,,,,,,,,,
1.0,03_01_0046,U4,Failed,104035.0,03_01_0046_U4_20250416_I.csv,R1-379,4/16/2025,Succinic 0.388mM,3.0,4.1,,03_01_0046_U4_20250508_CF_1.csv,,03_01_0046_U4_20240411_CV_0.csv,03_01_0046_U4_20240411_CF_0.csv,4.1,03_01_0246_000_U4.jpg,,,,,,,,,,
1.0,03_01_0051,U1,Not started,,,,,,,,,,,03_01_0051_U1_20240411_CV_0.csv,03_01_0051_U1_20240411_CF_0.csv,,03_01_0246_000_U1.jpg,,,,,,,,,,
1.0,03_01_0051,U2,Not started,,,,,,,,,,,03_01_0051_U2_20240411_CV_0.csv,03_01_0051_U2_20240411_CF_0.csv,,03_01_0246_000_U2.jpg,,,,,,,,,,
1.0,03_01_0051,U3,Not started,,,,,,,,,,,03_01_0051_U3_20240411_CV_0.csv,03_01_0051_U3_20240411_CF_0.csv,,03_01_0246_000_U3.jpg,,,,,,,,,,
1.0,03_01_0051,U4,Not started,,,,,,,,,,,03_01_0051_U4_20240411_CV_0.csv,03_01_0051_U4_20240411_CF_0.csv,,03_01_0246_000_U4.jpg,,,,,,,,,,
1.0,03_01_0056,U2,Measure/Scanned,36439.0,0.007,CREOL-A112,10/2/2024,DI Water,5.0,,03_01_0056_U2_20241015_CV_1.csv,03_01_0056_U2_20241015_CF_1.csv,,03_01_0056_U2_20240411_CV_0.csv,03_01_0056_U2_20240411_CF_0.csv,,03_01_0246_000_U2.jpg,03_01_0056_001_U2.jpg,30.981148488502974,169.06813308834222,106.84261523615646,33.47536385147193,173.62944864782685,119.28365413498804,61.479765526052184,103.12870405865687,118.1309561029557
1.0,03_01_0056,U3,Measure/Scanned,31567.0,0.007,CREOL-A112,10/2/2024,DI Water,5.0,,03_01_0056_U3_20241015_CV_1.csv,03_01_0056_U3_20241015_CF_1.csv,,03_01_0056_U3_20240411_CV_0.csv,03_01_0056_U3_20240411_CF_0.csv,,03_01_0246_000_U3.jpg,03_01_0056_001_U3.jpg,26.398154653674823,170.62076942578273,108.23621498288756,36.078474246841594,174.66129850135323,119.42249069837061,59.64548359308655,104.97848621850397,117.90975759760346
1.0,03_01_0056,U4,Measure/Scanned,41829.0,0.0061,CREOL-A112,10/2/2024,DI Water,5.0,,03_01_0056_U4_20241015_CV_1.csv,03_01_0056_U4_20241015_CF_1.csv,,03_01_0056_U4_20240411_CV_0.csv,03_01_0056_U4_20240411_CF_0.csv,,03_01_0246_000_U4.jpg,03_01_0056_001_U4.jpg,26.536286835376593,171.2602970642605,108.73311012578047,36.26561526429412,174.46002242298914,119.65233880405532,60.238656825798785,105.41967415144502,118.11700601761441
1.0,03_01_0056,U1,Measure/Scanned,31013.0,0.0064,CREOL-A112,10/2/2024,DI Water,5.0,,03_01_0056_U1_20241015_CV_1.csv,03_01_0056_U1_20241015_CF_1.csv,,03_01_0056_U1_20240411_CV_0.csv,03_01_0056_U1_20240411_CF_0.csv,,03_01_0246_000_U1.jpg,03_01_0056_001_U1.jpg,30.271647761062592,170.6631897179398,108.07531630208828,33.75239534859181,174.37851935784323,119.80369579938346,61.411283580119246,104.16363378953996,118.53116624578196
1.0,03_01_0061,U1,Failed,23868.0,03_01_0061_U1_20250505_i.csv,R1-379,5/5/2025,Adipic Acid - 1.24mM,3.0,3.96,,03_01_0061_U1_20250508_CF_1.csv,,03_01_0061_U1_20240411_CV_0.csv,03_01_0061_U1_20240411_CF_0.csv,3.96,03_01_0246_000_U1.jpg,,,,,,,,,,
1.0,03_01_0061,U2,Failed,41564.0,03_01_0061_U2_20250505_i.csv,R1-379,5/5/2025,Adipic Acid - 1.24mM,3.0,,,03_01_0061_U2_20250508_CF_1.csv,,03_01_0061_U2_20240411_CV_0.csv,03_01_0061_U2_20240411_CF_0.csv,,03_01_0246_000_U2.jpg,,,,,,,,,,
1.0,03_01_0061,U3,Failed,64934.0,03_01_0061_U3_20250505_i.csv,R1-379,5/5/2025,Adipic Acid - 1.24mM,3.0,,,03_01_0061_U3_20250508_CF_1.csv,,03_01_0061_U3_20240411_CV_0.csv,03_01_0061_U3_20240411_CF_0.csv,,03_01_0246_000_U3.jpg,,,,,,,,,,
1.0,03_01_0061,U4,Failed,65516.0,03_01_0061_U4_20250505_i.csv,R1-379,5/5/2025,Adipic Acid - 1.24mM,3.0,,,03_01_0061_U4_20250508_CF_1.csv,,03_01_0061_U4_20240411_CV_0.csv,03_01_0061_U4_20240411_CF_0.csv,,03_01_0246_000_U4.jpg,,,,,,,,,,
1.0,03_01_0066,U1,Failed,35823.0,03_01_0066_U1_20250416_I.csv,R1-379,4/16/2025,Succinic 0.388mM,3.0,4.22,,03_01_0066_U1_20250508_CF_1.csv,,03_01_0066_U1_20240411_CV_0.csv,03_01_0066_U1_20240411_CF_0.csv,4.26,03_01_0246_000_U1.jpg,,,,,,,,,,
1.0,03_01_0066,U2,Failed,32858.0,03_01_0066_U2_20250416_I.csv,R1-379,4/16/2025,Succinic 0.388mM,3.0,,,03_01_0066_U2_20250508_CF_1.csv,,03_01_0066_U2_20240411_CV_0.csv,03_01_0066_U2_20240411_CF_0.csv,,03_01_0246_000_U2.jpg,,,,,,,,,,
1.0,03_01_0066,U3,Failed,33152.0,03_01_0066_U3_20250416_I.csv,R1-379,4/16/2025,Succinic 0.388mM,3.0,,,03_01_0066_U3_20250508_CF_1.csv,,03_01_0066_U3_20240411_CV_0.csv,03_01_0066_U3_20240411_CF_0.csv,,03_01_0246_000_U3.jpg,,,,,,,,,,
1.0,03_01_0066,U4,Failed,43174.0,03_01_0066_U4_20250416_I.csv,R1-379,4/16/2025,Succinic 0.388mM,3.0,4.26,,03_01_0066_U4_20250508_CF_1.csv,,03_01_0066_U4_20240411_CV_0.csv,03_01_0066_U4_20240411_CF_0.csv,4.26,03_01_0246_000_U4.jpg,,,,,,,,,,
1.0,03_01_0071,U1,Not started,,,,,,,,,,,03_01_0071_U1_20240411_CV_0.csv,03_01_0071_U1_20240411_CF_0.csv,,03_01_0246_000_U1.jpg,,,,,,,,,,
1.0,03_01_0071,U2,Not started,,,,,,,,,,,03_01_0071_U2_20240411_CV_0.csv,03_01_0071_U2_20240411_CF_0.csv,,03_01_0246_000_U2.jpg,,,,,,,,,,
1.0,03_01_0071,U3,Not started,,,,,,,,,,,03_01_0071_U3_20240411_CV_0.csv,03_01_0071_U3_20240411_CF_0.csv,,03_01_0246_000_U3.jpg,,,,,,,,,,
1.0,03_01_0071,U4,Not started,,,,,,,,,,,03_01_0071_U4_20240411_CV_0.csv,03_01_0071_U4_20240411_CF_0.csv,,03_01_0246_000_U4.jpg,,,,,,,,,,
1.0,03_01_0076,U2,Measure/Scanned,29982.0,0.0091,CREOL-A112,10/2/2024,DI Water,5.0,,03_01_0076_U2_20241015_CV_1.csv,03_01_0076_U2_20241015_CF_1.csv,,03_01_0076_U2_20240411_CV_0.csv,03_01_0076_U2_20240411_CF_0.csv,,03_01_0246_000_U2.jpg,03_01_0076_001_U2.jpg,28.360242523345374,169.06813308834222,106.84261523615646,33.47536385147193,172.48380347020242,117.83388363252962,59.395019922962135,103.12870405865687,116.57090234189808
1.0,03_01_0076,U3,Measure/Scanned,27010.0,0.0051,CREOL-A112,10/2/2024,DI Water,5.0,,03_01_0076_U3_20241015_CV_1.csv,03_01_0076_U3_20241015_CF_1.csv,,03_01_0076_U3_20240411_CV_0.csv,03_01_0076_U3_20240411_CF_0.csv,,03_01_0246_000_U3.jpg,03_01_0076_001_U3.jpg,26.2763975376405,170.62076942578273,108.23621498288756,36.078474246841594,175.0410160767985,119.53948899780245,59.38397753778241,104.97848621850397,117.98816087079446
1.0,03_01_0076,U4,Measure/Scanned,43876.0,0.0064,CREOL-A112,10/2/2024,DI Water,5.0,,03_01_0076_U4_20241015_CV_1.csv,03_01_0076_U4_20241015_CF_1.csv,,03_01_0076_U4_20240411_CV_0.csv,03_01_0076_U4_20240411_CF_0.csv,,03_01_0246_000_U4.jpg,03_01_0076_001_U4.jpg,26.15833696915124,171.2602970642605,108.73311012578047,36.26561526429412,175.35282102101502,120.20066328445405,59.41739846144873,105.41967415144502,118.3236275889726
1.0,03_01_0076,U1,Measure/Scanned,31253.0,0.0091,CREOL-A112,10/2/2024,DI Water,5.0,,03_01_0076_U1_20241015_CV_1.csv,03_01_0076_U1_20241015_CF_1.csv,,03_01_0076_U1_20240411_CV_0.csv,03_01_0076_U1_20240411_CF_0.csv,,03_01_0246_000_U1.jpg,03_01_0076_001_U1.jpg,28.517391761623063,170.6631897179398,108.07531630208828,33.75239534859181,174.2406765681535,119.56525107914969,59.606304521893044,104.16363378953996,117.80407738973207
1.0,03_01_0081,U1,Failed,92411.0,03_01_0081_U1_20250505_i.csv,R1-379,5/5/2025,Adipic Acid - 1.24mM,3.0,3.96,,03_01_0081_U1_20250508_CF_1.csv,,03_01_0081_U1_20240411_CV_0.csv,03_01_0081_U1_20240411_CF_0.csv,3.96,03_01_0246_000_U1.jpg,,,,,,,,,,
1.0,03_01_0081,U2,Failed,74182.0,03_01_0081_U2_20250505_i.csv,R1-379,5/5/2025,Adipic Acid - 1.24mM,3.0,,,03_01_0081_U2_20250508_CF_1.csv,,03_01_0081_U2_20240411_CV_0.csv,03_01_0081_U2_20240411_CF_0.csv,,03_01_0246_000_U2.jpg,,,,,,,,,,
1.0,03_01_0081,U3,Failed,65202.0,03_01_0081_U3_20250505_i.csv,R1-379,5/5/2025,Adipic Acid - 1.24mM,3.0,,,03_01_0081_U3_20250508_CF_1.csv,,03_01_0081_U3_20240411_CV_0.csv,03_01_0081_U3_20240411_CF_0.csv,,03_01_0246_000_U3.jpg,,,,,,,,,,
1.0,03_01_0081,U4,Failed,71432.0,03_01_0081_U4_20250505_i.csv,R1-379,5/5/2025,Adipic Acid - 1.24mM,3.0,3.72,,03_01_0081_U4_20250508_CF_1.csv,,03_01_0081_U4_20240411_CV_0.csv,03_01_0081_U4_20240411_CF_0.csv,3.96,03_01_0246_000_U4.jpg,,,,,,,,,,
1.0,03_01_0086,U1,Failed,28461.0,03_01_0086_U1_20250418_I.csv,R1-379,4/18/2025,Succinic 0.388mM,3.0,4.23 pH,,03_01_0086_U1_20250508_CF_1.csv,,03_01_0086_U1_20240411_CV_0.csv,03_01_0086_U1_20240411_CF_0.csv,4.23,03_01_0246_000_U1.jpg,,,,,,,,,,
1.0,03_01_0086,U2,Failed,29613.0,03_01_0086_U2_20250418_I.csv,R1-379,4/18/2025,Succinic 0.388mM,3.0,,,03_01_0086_U2_20250508_CF_1.csv,,03_01_0086_U2_20240411_CV_0.csv,03_01_0086_U2_20240411_CF_0.csv,,03_01_0246_000_U2.jpg,,,,,,,,,,
1.0,03_01_0086,U3,Failed,25771.0,03_01_0086_U3_20250418_I.csv,R1-379,4/18/2025,Succinic 0.388mM,3.0,,,03_01_0086_U3_20250508_CF_1.csv,,03_01_0086_U3_20240411_CV_0.csv,03_01_0086_U3_20240411_CF_0.csv,,03_01_0246_000_U3.jpg,,,,,,,,,,
1.0,03_01_0086,U4,Failed,36390.0,03_01_0086_U4_20250418_I.csv,R1-379,4/18/2025,Succinic 0.388mM,3.0,4.2,,03_01_0086_U4_20250508_CF_1.csv,,03_01_0086_U4_20240411_CV_0.csv,03_01_0086_U4_20240411_CF_0.csv,4.23,03_01_0246_000_U4.jpg,,,,,,,,,,
1.0,03_01_0091,U1,Not started,,,,,,,,,,,03_01_0091_U1_20240411_CV_0.csv,03_01_0091_U1_20240411_CF_0.csv,,03_01_0246_000_U1.jpg,,,,,,,,,,
1.0,03_01_0091,U2,Not started,,,,,,,,,,,03_01_0091_U2_20240411_CV_0.csv,03_01_0091_U2_20240411_CF_0.csv,,03_01_0246_000_U2.jpg,,,,,,,,,,
1.0,03_01_0091,U3,Not started,,,,,,,,,,,03_01_0091_U3_20240411_CV_0.csv,03_01_0091_U3_20240411_CF_0.csv,,03_01_0246_000_U3.jpg,,,,,,,,,,
1.0,03_01_0091,U4,Not started,,,,,,,,,,,03_01_0091_U4_20240411_CV_0.csv,03_01_0091_U4_20240411_CF_0.csv,,03_01_0246_000_U4.jpg,,,,,,,,,,
1.0,03_01_0096,U1,Measure/Scanned,31406.0,0.0093,CREOL-A112,10/2/2024,DI Water,5.0,,03_01_0096_U1_20241015_CV_1.csv,03_01_0096_U1_20241015_CF_1.csv,,03_01_0096_U1_20240411_CV_0.csv,03_01_0096_U1_20240411_CF_0.csv,,03_01_0246_000_U1.jpg,03_01_0096_001_U1.jpg,11.87398482688831,170.6631897179398,108.07531630208828,33.75239534859181,172.06030528440195,113.5884363607759,44.17569093979612,104.16363378953996,109.94147752832465
1.0,03_01_0096,U2,Measure/Scanned,31382.0,0.0071,CREOL-A112,10/2/2024,DI Water,5.0,,03_01_0096_U2_20241015_CV_1.csv,03_01_0096_U2_20241015_CF_1.csv,,03_01_0096_U2_20240411_CV_0.csv,03_01_0096_U2_20240411_CF_0.csv,,03_01_0246_000_U2.jpg,03_01_0096_001_U2.jpg,13.905022799692773,169.06813308834222,106.84261523615646,33.47536385147193,171.27521783833362,112.70970360672229,45.88728191510346,103.12870405865687,109.95740112005312
1.0,03_01_0096,U3,Measure/Scanned,31222.0,0.0088,CREOL-A112,10/2/2024,DI Water,5.0,,03_01_0096_U3_20241015_CV_1.csv,03_01_0096_U3_20241015_CF_1.csv,,03_01_0096_U3_20240411_CV_0.csv,03_01_0096_U3_20240411_CF_0.csv,,03_01_0246_000_U3.jpg,03_01_0096_001_U3.jpg,7.295088451346698,170.62076942578273,108.23621498288756,36.078474246841594,171.5101226892058,112.32884235033232,42.05156118050101,104.97848621850397,108.6301754066797
1.0,03_01_0096,U4,Measure/Scanned,38954.0,0.0051,CREOL-A112,10/2/2024,DI Water,5.0,,03_01_0096_U4_20241015_CV_1.csv,03_01_0096_U4_20241015_CF_1.csv,,03_01_0096_U4_20240411_CV_0.csv,03_01_0096_U4_20240411_CF_0.csv,,03_01_0246_000_U4.jpg,03_01_0096_001_U4.jpg,8.909974380017095,171.2602970642605,108.73311012578047,36.26561526429412,172.7206914347174,113.6656246834863,43.54058549607644,105.41967415144502,109.97563387142672
1.0,03_01_0101,U1,Not started,,,,,,,,,,,03_01_0101_U1_20240412_CV_0.csv,03_01_0101_U1_20240412_CF_0.csv,,03_01_0246_000_U1.jpg,,,,,,,,,,
1.0,03_01_0101,U2,Not started,,,,,,,,,,,03_01_0101_U2_20240412_CV_0.csv,03_01_0101_U2_20240412_CF_0.csv,,03_01_0246_000_U2.jpg,,,,,,,,,,
1.0,03_01_0101,U3,Not started,,,,,,,,,,,03_01_0101_U3_20240412_CV_0.csv,03_01_0101_U3_20240412_CF_0.csv,,03_01_0246_000_U3.jpg,,,,,,,,,,
1.0,03_01_0101,U4,Not started,,,,,,,,,,,03_01_0101_U4_20240412_CV_0.csv,03_01_0101_U4_20240412_CF_0.csv,,03_01_0246_000_U4.jpg,,,,,,,,,,
1.0,03_01_0106,U1,Failed,82056.0,03_01_0106_U1_20250505_i.csv,R1-379,5/5/2025,Adipic Acid - 1.24mM,3.0,3.82,,03_01_0106_U1_20250508_CF_1.csv,,03_01_0106_U1_20240412_CV_0.csv,03_01_0106_U1_20240412_CF_0.csv,3.82,03_01_0246_000_U1.jpg,,,,,,,,,,
1.0,03_01_0106,U2,Failed,77750.0,03_01_0106_U2_20250505_i.csv,R1-379,5/5/2025,Adipic Acid - 1.24mM,3.0,,,03_01_0106_U2_20250508_CF_1.csv,,03_01_0106_U2_20240412_CV_0.csv,03_01_0106_U2_20240412_CF_0.csv,,03_01_0246_000_U2.jpg,,,,,,,,,,
1.0,03_01_0106,U3,Failed,74521.0,03_01_0106_U3_20250505_i.csv,R1-379,5/5/2025,Adipic Acid - 1.24mM,3.0,,,03_01_0106_U3_20250508_CF_1.csv,,03_01_0106_U3_20240412_CV_0.csv,03_01_0106_U3_20240412_CF_0.csv,,03_01_0246_000_U3.jpg,,,,,,,,,,
1.0,03_01_0106,U4,Failed,89957.0,03_01_0106_U4_20250505_i.csv,R1-379,5/5/2025,Adipic Acid - 1.24mM,3.0,3.72,,03_01_0106_U4_20250508_CF_1.csv,,03_01_0106_U4_20240412_CV_0.csv,03_01_0106_U4_20240412_CF_0.csv,3.82,03_01_0246_000_U4.jpg,,,,,,,,,,
1.0,03_01_0111,U1,Not started,,,,,,,,,,,03_01_0111_U1_20240412_CV_0.csv,03_01_0111_U1_20240412_CF_0.csv,,03_01_0246_000_U1.jpg,,,,,,,,,,
1.0,03_01_0111,U2,Not started,,,,,,,,,,,03_01_0111_U2_20240412_CV_0.csv,03_01_0111_U2_20240412_CF_0.csv,,03_01_0246_000_U2.jpg,,,,,,,,,,
1.0,03_01_0111,U3,Not started,,,,,,,,,,,03_01_0111_U3_20240412_CV_0.csv,03_01_0111_U3_20240412_CF_0.csv,,03_01_0246_000_U3.jpg,,,,,,,,,,
1.0,03_01_0111,U4,Not started,,,,,,,,,,,03_01_0111_U4_20240412_CV_0.csv,03_01_0111_U4_20240412_CF_0.csv,,03_01_0246_000_U4.jpg,,,,,,,,,,
1.0,03_01_0116,U4,Not started,,,,,,,,,,,03_01_0116_U4_20240411_CV_0.csv,03_01_0116_U4_20240411_CF_0.csv,,03_01_0246_000_U4.jpg,,,,,,,,,,
1.0,03_01_0116,U1,Not started,,,,,,,,,,,03_01_0116_U1_20240411_CV_0.csv,03_01_0116_U1_20240411_CF_0.csv,,03_01_0246_000_U1.jpg,,,,,,,,,,
1.0,03_01_0116,U2,Not started,,,,,,,,,,,03_01_0116_U2_20240411_CV_0.csv,03_01_0116_U2_20240411_CF_0.csv,,03_01_0246_000_U2.jpg,,,,,,,,,,
1.0,03_01_0116,U3,Not started,,,,,,,,,,,03_01_0116_U3_20240411_CV_0.csv,03_01_0116_U3_20240411_CF_0.csv,,03_01_0246_000_U3.jpg,,,,,,,,,,
1.0,03_01_0121,U1,Not started,,,,,,,,,,,03_01_0121_U1_20240411_CV_0.csv,03_01_0121_U1_20240411_CF_0.csv,,03_01_0246_000_U1.jpg,,,,,,,,,,
1.0,03_01_0121,U2,Not started,,,,,,,,,,,03_01_0121_U2_20240411_CV_0.csv,03_01_0121_U2_20240411_CF_0.csv,,03_01_0246_000_U2.jpg,,,,,,,,,,
1.0,03_01_0121,U3,Not started,,,,,,,,,,,03_01_0121_U3_20240411_CV_0.csv,03_01_0121_U3_20240411_CF_0.csv,,03_01_0246_000_U3.jpg,,,,,,,,,,
1.0,03_01_0121,U4,Not started,,,,,,,,,,,03_01_0121_U4_20240411_CV_0.csv,03_01_0121_U4_20240411_CF_0.csv,,03_01_0246_000_U4.jpg,,,,,,,,,,
1.0,03_01_0126,U2,Measure/Scanned,77358.0,0.009,CREOL-A112,1/7/2025,DI Water,3.0,,03_01_0126_U2_20250117_CV_1.csv,03_01_0126_U2_20250117_CF_1.csv,,03_01_0126_U2_20231121_CV_0.csv,03_01_0126_U2_20231121_CF_0.csv,,03_01_0246_000_U2.jpg,03_01_0126_001_U2.jpg,29.7326410893393,169.06813308834222,106.84261523615646,33.47536385147193,171.25058396699964,117.04774225690669,61.31638101679958,103.12870405865687,116.53823574690198
1.0,03_01_0126,U3,Measure/Scanned,65341.0,0.0088,CREOL-A112,1/7/2025,DI Water,3.0,,03_01_0126_U3_20250117_CV_1.csv,03_01_0126_U3_20250117_CF_1.csv,,03_01_0126_U3_20231121_CV_0.csv,03_01_0126_U3_20231121_CF_0.csv,,03_01_0246_000_U3.jpg,03_01_0126_001_U3.jpg,25.45530830032651,170.62076942578273,108.23621498288756,36.078474246841594,172.13525602655494,117.59378329191682,59.70293120023217,104.97848621850397,116.47732350623465
1.0,03_01_0126,U4,Measure/Scanned,64953.0,0.0093,CREOL-A112,1/7/2025,DI Water,3.0,,03_01_0126_U4_20250117_CV_1.csv,03_01_0126_U4_20250117_CF_1.csv,,03_01_0126_U4_20231121_CV_0.csv,03_01_0126_U4_20231121_CF_0.csv,,03_01_0246_000_U4.jpg,03_01_0126_001_U4.jpg,23.42353553709654,171.2602970642605,108.73311012578047,36.26561526429412,171.37082733932496,116.92906298812593,58.20818021906023,105.41967415144502,115.50269018217038
1.0,03_01_0126,U1,Measure/Scanned,77150.0,0.0088,CREOL-A112,1/7/2025,DI Water,3.0,,03_01_0126_U1_20250117_CV_1.csv,03_01_0126_U1_20250117_CF_1.csv,,03_01_0126_U1_20231121_CV_0.csv,03_01_0126_U1_20231121_CF_0.csv,,03_01_0246_000_U1.jpg,03_01_0126_001_U1.jpg,28.800754486733712,170.6631897179398,108.07531630208828,33.75239534859181,172.75902156861324,118.41827651721162,60.55004677268475,104.16363378953996,117.24244828616987
1.0,03_01_0131,U1,Failed,49245.0,03_01_0131_U1_20250406_I.CSV,CREOL-A112,4/6/2025,Adipic Acid - 1.24mM,3.0,,03_01_0131_U1_20250416_CV_1.csv,03_01_0131_U1_20250416_CF_1.csv,,03_01_0131_U1_20231121_CV_0.csv,03_01_0131_U1_20231121_CF_0.csv,,03_01_0246_000_U1.jpg,,,,,,,,,,
1.0,03_01_0131,U2,Failed,44634.0,03_01_0131_U2_20250406_I.CSV,CREOL-A112,4/6/2025,Adipic Acid - 1.24mM,3.0,,03_01_0131_U2_20250416_CV_1.csv,03_01_0131_U2_20250416_CF_1.csv,,03_01_0131_U2_20231121_CV_0.csv,03_01_0131_U2_20231121_CF_0.csv,,03_01_0246_000_U2.jpg,,,,,,,,,,
1.0,03_01_0131,U3,Failed,71500.0,03_01_0131_U3_20250406_I.CSV,CREOL-A112,4/6/2025,Adipic Acid - 1.24mM,3.0,,03_01_0131_U3_20250416_CV_1.csv,03_01_0131_U3_20250416_CF_1.csv,,03_01_0131_U3_20231121_CV_0.csv,03_01_0131_U3_20231121_CF_0.csv,,03_01_0246_000_U3.jpg,,,,,,,,,,
1.0,03_01_0131,U4,Failed,46214.0,03_01_0131_U4_20250406_I.CSV,CREOL-A112,4/6/2025,Adipic Acid - 1.24mM,3.0,,03_01_0131_U4_20250416_CV_1.csv,03_01_0131_U4_20250416_CF_1.csv,,03_01_0131_U4_20231121_CV_0.csv,03_01_0131_U4_20231121_CF_0.csv,,03_01_0246_000_U4.jpg,,,,,,,,,,
1.0,03_01_0136,U2,Failed,13621.0,0.0178,R1-379,11/22/2024,Succinic 20mM,5.0,,03_01_0136_U2_20250117_CV_1.csv,03_01_0136_U2_20250117_CF_1.csv,,03_01_0136_U2_20231121_CV_0.csv,03_01_0136_U2_20231121_CF_0.csv,,03_01_0246_000_U2.jpg,03_01_0136_001_U2.jpg,24.753766834283702,169.06813308834222,106.84261523615646,33.47536385147193,169.91239768971244,115.03284868746502,56.81966220850171,103.12870405865687,113.92163619522638
1.0,03_01_0136,U3,Failed,13643.0,0.0189,R1-379,11/22/2024,Succinic 20mM,5.0,,03_01_0136_U3_20250117_CV_1.csv,03_01_0136_U3_20250117_CF_1.csv,,03_01_0136_U3_20231121_CV_0.csv,03_01_0136_U3_20231121_CF_0.csv,,03_01_0246_000_U3.jpg,03_01_0136_001_U3.jpg,19.76533915708643,170.62076942578273,108.23621498288756,36.078474246841594,169.96186646274722,114.23049915283462,54.90141334173002,104.97848621850397,113.03125965243727
1.0,03_01_0136,U4,Failed,13622.0,0.018,R1-379,11/22/2024,Succinic 20mM,5.0,,03_01_0136_U4_20250117_CV_1.csv,03_01_0136_U4_20250117_CF_1.csv,,03_01_0136_U4_20231121_CV_0.csv,03_01_0136_U4_20231121_CF_0.csv,,03_01_0246_000_U4.jpg,03_01_0136_001_U4.jpg,20.451842251576682,171.2602970642605,108.73311012578047,36.26561526429412,170.33231915605373,114.63878562577447,55.82423754128561,105.41967415144502,113.59844744103793
1.0,03_01_0136,U1,Failed,13600.0,0.0163,R1-379,11/22/2024,Succinic 20mM,5.0,20mM concentration,03_01_0136_U1_20250117_CV_1.csv,03_01_0136_U1_20250117_CF_1.csv,,03_01_0136_U1_20231121_CV_0.csv,03_01_0136_U1_20231121_CF_0.csv,,03_01_0246_000_U1.jpg,03_01_0136_001_U1.jpg,24.76853217067352,170.6631897179398,108.07531630208828,33.75239534859181,171.2936766928114,115.92630663692404,57.23525341200739,104.16363378953996,114.81841224724762
1.0,03_01_0136,U1,Measure/Scanned,10323.0,0.0064,R1-379,11/22/2024,Succinic 3.6mM,5.0,2nd at Low concentration,03_01_0136_U1_20250117_CV_1.csv,03_01_0136_U1_20250117_CF_1.csv,,03_01_0136_U1_20231121_CV_0.csv,03_01_0136_U1_20231121_CF_0.csv,,03_01_0246_000_U1.jpg,03_01_0136_001_U1.jpg,24.76853217067352,170.6631897179398,108.07531630208828,33.75239534859181,171.2936766928114,115.92630663692404,57.23525341200739,104.16363378953996,114.81841224724762
1.0,03_01_0141,U1,Not started,,,,,,,,,,,03_01_0141_U1_20231121_CV_0.csv,03_01_0141_U1_20231121_CF_0.csv,,03_01_0246_000_U1.jpg,,,,,,,,,,
1.0,03_01_0141,U2,Not started,,,,,,,,,,,03_01_0141_U2_20231121_CV_0.csv,03_01_0141_U2_20231121_CF_0.csv,,03_01_0246_000_U2.jpg,,,,,,,,,,
1.0,03_01_0141,U3,Not started,,,,,,,,,,,03_01_0141_U3_20231121_CV_0.csv,03_01_0141_U3_20231121_CF_0.csv,,03_01_0246_000_U3.jpg,,,,,,,,,,
1.0,03_01_0141,U4,Not started,,,,,,,,,,,03_01_0141_U4_20231121_CV_0.csv,03_01_0141_U4_20231121_CF_0.csv,,03_01_0246_000_U4.jpg,,,,,,,,,,
1.0,03_01_0146,U2,Measure/Scanned,76967.0,0.0063,CREOL-A112,1/7/2025,DI Water,3.0,,03_01_0146_U2_20250117_CV_1.csv,03_01_0146_U2_20250117_CF_1.csv,,03_01_0146_U2_20231121_CV_0.csv,03_01_0146_U2_20231121_CF_0.csv,,03_01_0246_000_U2.jpg,03_01_0146_001_U2.jpg,26.874105045899125,169.06813308834222,106.84261523615646,33.47536385147193,172.4119638880821,117.93570106012199,57.723657904927876,103.12870405865687,116.02377428437732
1.0,03_01_0146,U3,Measure/Scanned,41785.0,0.005,CREOL-A112,1/7/2025,DI Water,3.0,Ran twice,03_01_0146_U3_20250117_CV_1.csv,03_01_0146_U3_20250117_CF_1.csv,,03_01_0146_U3_20231121_CV_0.csv,03_01_0146_U3_20231121_CF_0.csv,,03_01_0246_000_U3.jpg,03_01_0146_001_U3.jpg,21.397280096791143,170.62076942578273,108.23621498288756,36.078474246841594,171.11109258772686,116.43886165750061,55.83498624336707,104.97848621850397,114.46164682953152
1.0,03_01_0146,U4,Measure/Scanned,147628.0,0.0061,CREOL-A112,1/7/2025,DI Water,3.0,,03_01_0146_U4_20250117_CV_1.csv,03_01_0146_U4_20250117_CF_1.csv,,03_01_0146_U4_20231121_CV_0.csv,03_01_0146_U4_20231121_CF_0.csv,,03_01_0246_000_U4.jpg,03_01_0146_001_U4.jpg,22.282882889405744,171.2602970642605,108.73311012578047,36.26561526429412,172.43175919922552,117.65994084784752,56.64860424012576,105.41967415144502,115.58010142906626
1.0,03_01_0146,U1,Measure/Scanned,76871.0,0.0122,CREOL-A112,1/7/2025,DI Water,3.0,,03_01_0146_U1_20250117_CV_1.csv,03_01_0146_U1_20250117_CF_1.csv,,03_01_0146_U1_20231121_CV_0.csv,03_01_0146_U1_20231121_CF_0.csv,,03_01_0246_000_U1.jpg,03_01_0146_001_U1.jpg,25.49282559514281,170.6631897179398,108.07531630208828,33.75239534859181,172.48169946950435,118.66967228552595,56.86812160592648,104.16363378953996,116.0064977869856
1.0,03_01_0151,U1,Failed,54771.0,03_01_0151_U1_20250406_I.CSV,CREOL-A112,4/6/2025,Adipic Acid - 1.24mM,3.0,4.07pH,03_01_0151_U1_20250416_CV_1.csv,03_01_0151_U1_20250416_CF_1.csv,,03_01_0151_U1_20231121_CV_0.csv,03_01_0151_U1_20231121_CF_0.csv,4.07,03_01_0246_000_U1.jpg,,,,,,,,,,
1.0,03_01_0151,U2,Failed,58896.0,03_01_0151_U2_20250406_I.CSV,CREOL-A112,4/6/2025,Adipic Acid - 1.24mM,3.0,,03_01_0151_U2_20250416_CV_1.csv,03_01_0151_U2_20250416_CF_1.csv,,03_01_0151_U2_20231121_CV_0.csv,03_01_0151_U2_20231121_CF_0.csv,,03_01_0246_000_U2.jpg,,,,,,,,,,
1.0,03_01_0151,U3,Failed,56539.0,03_01_0151_U3_20250406_I.CSV,CREOL-A112,4/6/2025,Adipic Acid - 1.24mM,3.0,,03_01_0151_U3_20250416_CV_1.csv,03_01_0151_U3_20250416_CF_1.csv,,03_01_0151_U3_20231121_CV_0.csv,03_01_0151_U3_20231121_CF_0.csv,,03_01_0246_000_U3.jpg,,,,,,,,,,
1.0,03_01_0151,U4,Failed,50396.0,03_01_0151_U4_20250406_I.CSV,CREOL-A112,4/6/2025,Adipic Acid - 1.24mM,3.0,,03_01_0151_U4_20250416_CV_1.csv,03_01_0151_U4_20250416_CF_1.csv,,03_01_0151_U4_20231121_CV_0.csv,03_01_0151_U4_20231121_CF_0.csv,,03_01_0246_000_U4.jpg,,,,,,,,,,
1.0,03_01_0156,U1,In progress,25234.0,03_01_0156_U1_20250303_I.csv,CREOL-A112,3/3/2025,Succinic 0.388mM,3.0,,03_01_0156_U1_20250314_CV_1.csv,03_01_0156_U1_20250314_CF_1.csv,,03_01_0156_U1_20231121_CV_0.csv,03_01_0156_U1_20231121_CF_0.csv,,03_01_0246_000_U1.jpg,,,,,,,,,,
1.0,03_01_0156,U2,Failed,25280.0,03_01_0156_U2_20250303_I.csv,CREOL-A112,3/3/2025,Succinic 0.388mM,3.0,,03_01_0156_U2_20250314_CV_1.csv,03_01_0156_U2_20250314_CF_1.csv,,03_01_0156_U2_20231121_CV_0.csv,03_01_0156_U2_20231121_CF_0.csv,,03_01_0246_000_U2.jpg,,,,,,,,,,
1.0,03_01_0156,U3,Failed,24975.0,03_01_0156_U3_20250303_I.csv,CREOL-A112,3/3/2025,Succinic 0.388mM,3.0,,03_01_0156_U3_20250314_CV_1.csv,03_01_0156_U3_20250314_CF_1.csv,,03_01_0156_U3_20231121_CV_0.csv,03_01_0156_U3_20231121_CF_0.csv,,03_01_0246_000_U3.jpg,,,,,,,,,,
1.0,03_01_0156,U4,Failed,25148.0,03_01_0156_U4_20250303_I.csv,CREOL-A112,3/3/2025,Succinic 0.388mM,3.0,,03_01_0156_U4_20250314_CV_1.csv,03_01_0156_U4_20250314_CF_1.csv,,03_01_0156_U4_20231121_CV_0.csv,03_01_0156_U4_20231121_CF_0.csv,,03_01_0246_000_U4.jpg,,,,,,,,,,
1.0,03_01_0161,U1,Not started,,,,,,,,,,,03_01_0161_U1_20231121_CV_0.csv,03_01_0161_U1_20231121_CF_0.csv,,03_01_0246_000_U1.jpg,,,,,,,,,,
1.0,03_01_0161,U2,Not started,,,,,,,,,,,03_01_0161_U2_20231121_CV_0.csv,03_01_0161_U2_20231121_CF_0.csv,,03_01_0246_000_U2.jpg,,,,,,,,,,
1.0,03_01_0161,U3,Not started,,,,,,,,,,,03_01_0161_U3_20231121_CV_0.csv,03_01_0161_U3_20231121_CF_0.csv,,03_01_0246_000_U3.jpg,,,,,,,,,,
1.0,03_01_0161,U4,Not started,,,,,,,,,,,03_01_0161_U4_20231121_CV_0.csv,03_01_0161_U4_20231121_CF_0.csv,,03_01_0246_000_U4.jpg,,,,,,,,,,
1.0,03_01_0166,U2,Measure/Scanned,89345.0,0.011,CREOL-A112,1/8/2025,DI Water,3.0,,03_01_0166_U2_20250117_CV_1.csv,03_01_0166_U2_20250117_CF_1.csv,,03_01_0166_U2_20231121_CV_0.csv,03_01_0166_U2_20231121_CF_0.csv,,03_01_0246_000_U2.jpg,03_01_0166_001_U2.jpg,20.35744346339479,169.06813308834222,106.84261523615646,33.47536385147193,169.56598394410304,114.21698328943756,52.44366226502186,103.12870405865687,112.0755431661875
1.0,03_01_0166,U3,Measure/Scanned,111266.0,0.0062,CREOL-A112,1/8/2025,DI Water,3.0,,03_01_0166_U3_20250117_CV_1.csv,03_01_0166_U3_20250117_CF_1.csv,,03_01_0166_U3_20231121_CV_0.csv,03_01_0166_U3_20231121_CF_0.csv,,03_01_0246_000_U3.jpg,03_01_0166_001_U3.jpg,18.75867304202033,170.62076942578273,108.23621498288756,36.078474246841594,172.19720106608844,116.00159009802593,53.08146301064583,104.97848621850397,113.76008472492008
1.0,03_01_0166,U4,Measure/Scanned,134525.0,0.0052,CREOL-A112,1/8/2025,DI Water,3.0,,03_01_0166_U4_20250117_CV_1.csv,03_01_0166_U4_20250117_CF_1.csv,,03_01_0166_U4_20231121_CV_0.csv,03_01_0166_U4_20231121_CF_0.csv,,03_01_0246_000_U4.jpg,03_01_0166_001_U4.jpg,20.68499751887716,171.2602970642605,108.73311012578047,36.26561526429412,174.30392795939014,117.84799266143804,54.58293902327516,105.41967415144502,115.57828654803444
1.0,03_01_0166,U1,Measure/Scanned,122234.0,0.005,CREOL-A112,1/8/2025,DI Water,3.0,,03_01_0166_U1_20250117_CV_1.csv,03_01_0166_U1_20250117_CF_1.csv,,03_01_0166_U1_20231121_CV_0.csv,03_01_0166_U1_20231121_CF_0.csv,,03_01_0246_000_U1.jpg,03_01_0166_001_U1.jpg,21.744604351912642,170.6631897179398,108.07531630208828,33.75239534859181,171.86352428868798,116.58947367787405,53.72477977108473,104.16363378953996,114.05925924588227
1.0,03_01_0171,U1,Failed,54458.0,03_01_0171_U1_20250406_I.CSV,CREOL-A112,4/6/2025,Adipic Acid - 1.24mM,3.0,,03_01_0171_U1_20250416_CV_1.csv,03_01_0171_U1_20250416_CF_1.csv,,03_01_0171_U1_20231121_CV_0.csv,03_01_0171_U1_20231121_CF_0.csv,,03_01_0246_000_U1.jpg,,,,,,,,,,
1.0,03_01_0171,U2,Failed,54212.0,03_01_0171_U2_20250406_I.CSV,CREOL-A112,4/6/2025,Adipic Acid - 1.24mM,3.0,,03_01_0171_U2_20250416_CV_1.csv,03_01_0171_U2_20250416_CF_1.csv,,03_01_0171_U2_20231121_CV_0.csv,03_01_0171_U2_20231121_CF_0.csv,,03_01_0246_000_U2.jpg,,,,,,,,,,
1.0,03_01_0171,U3,Failed,45768.0,03_01_0171_U3_20250406_I.CSV,CREOL-A112,4/6/2025,Adipic Acid - 1.24mM,3.0,,03_01_0171_U3_20250416_CV_1.csv,03_01_0171_U3_20250416_CF_1.csv,,03_01_0171_U3_20231121_CV_0.csv,03_01_0171_U3_20231121_CF_0.csv,,03_01_0246_000_U3.jpg,,,,,,,,,,
1.0,03_01_0171,U4,Failed,45897.0,03_01_0171_U4_20250406_I.CSV,CREOL-A112,4/6/2025,Adipic Acid - 1.24mM,3.0,,03_01_0171_U4_20250416_CV_1.csv,03_01_0171_U4_20250416_CF_1.csv,,03_01_0171_U4_20231121_CV_0.csv,03_01_0171_U4_20231121_CF_0.csv,,03_01_0246_000_U4.jpg,,,,,,,,,,
1.0,03_01_0176,U1,Failed,25184.0,03_01_0176_U1_20250303_I.csv,CREOL-A112,3/3/2025,Succinic 0.388mM,3.0,,03_01_0176_U1_20250314_CV_1.csv,03_01_0176_U1_20250314_CF_1.csv,,03_01_0176_U1_20231121_CV_0.csv,03_01_0176_U1_20231121_CF_0.csv,,03_01_0246_000_U1.jpg,,,,,,,,,,
1.0,03_01_0176,U2,Failed,25201.0,03_01_0176_U2_20250303_I.csv,CREOL-A112,3/3/2025,Succinic 0.388mM,3.0,,03_01_0176_U2_20250314_CV_1.csv,03_01_0176_U2_20250314_CF_1.csv,,03_01_0176_U2_20231121_CV_0.csv,03_01_0176_U2_20231121_CF_0.csv,,03_01_0246_000_U2.jpg,,,,,,,,,,
1.0,03_01_0176,U3,Failed,25292.0,03_01_0176_U3_20250303_I.csv,CREOL-A112,3/3/2025,Succinic 0.388mM,3.0,,03_01_0176_U3_20250314_CV_1.csv,03_01_0176_U3_20250314_CF_1.csv,,03_01_0176_U3_20231121_CV_0.csv,03_01_0176_U3_20231121_CF_0.csv,,03_01_0246_000_U3.jpg,,,,,,,,,,
1.0,03_01_0176,U4,Failed,25275.0,03_01_0176_U4_20250303_I.csv,CREOL-A112,3/3/2025,Succinic 0.388mM,3.0,,03_01_0176_U4_20250314_CV_1.csv,03_01_0176_U4_20250314_CF_1.csv,,03_01_0176_U4_20231121_CV_0.csv,03_01_0176_U4_20231121_CF_0.csv,,03_01_0246_000_U4.jpg,,,,,,,,,,
1.0,03_01_0181,U1,Not started,,,,,,,,,,,03_01_0181_U1_20231121_CV_0.csv,03_01_0181_U1_20231121_CF_0.csv,,03_01_0246_000_U1.jpg,,,,,,,,,,
1.0,03_01_0181,U2,Not started,,,,,,,,,,,03_01_0181_U2_20231121_CV_0.csv,03_01_0181_U2_20231121_CF_0.csv,,03_01_0246_000_U2.jpg,,,,,,,,,,
1.0,03_01_0181,U3,Not started,,,,,,,,,,,03_01_0181_U3_20231121_CV_0.csv,03_01_0181_U3_20231121_CF_0.csv,,03_01_0246_000_U3.jpg,,,,,,,,,,
1.0,03_01_0181,U4,Not started,,,,,,,,,,,03_01_0181_U4_20231121_CV_0.csv,03_01_0181_U4_20231121_CF_0.csv,,03_01_0246_000_U4.jpg,,,,,,,,,,
1.0,03_01_0186,U2,Measure/Scanned,88042.0,0.0058,CREOL-A112,1/8/2025,DI Water,3.0,,03_01_0186_U2_20250117_CV_1.csv,03_01_0186_U2_20250117_CF_1.csv,,03_01_0186_U2_20231121_CV_0.csv,03_01_0186_U2_20231121_CF_0.csv,,03_01_0246_000_U2.jpg,03_01_0186_001_U2.jpg,24.017566740285012,169.06813308834222,106.84261523615646,33.47536385147193,168.78459062097517,114.24832259238242,56.32090202300961,103.12870405865687,113.11793841212238
1.0,03_01_0186,U3,Measure/Scanned,99679.0,0.0123,CREOL-A112,1/8/2025,DI Water,3.0,,03_01_0186_U3_20250117_CV_1.csv,03_01_0186_U3_20250117_CF_1.csv,,03_01_0186_U3_20231121_CV_0.csv,03_01_0186_U3_20231121_CF_0.csv,,03_01_0246_000_U3.jpg,03_01_0186_001_U3.jpg,20.62359350453727,170.62076942578273,108.23621498288756,36.078474246841594,170.13276739665923,114.90074979793704,55.58945676333616,104.97848621850397,113.5409913193108
1.0,03_01_0186,U4,Measure/Scanned,111281.0,0.0077,CREOL-A112,1/8/2025,DI Water,3.0,,03_01_0186_U4_20250117_CV_1.csv,03_01_0186_U4_20250117_CF_1.csv,,03_01_0186_U4_20231121_CV_0.csv,03_01_0186_U4_20231121_CF_0.csv,,03_01_0246_000_U4.jpg,03_01_0186_001_U4.jpg,23.059493678666477,171.2602970642605,108.73311012578047,36.26561526429412,173.27588020277577,117.32670649397708,57.56884916876764,105.41967415144502,116.05714528850683
1.0,03_01_0186,U1,Measure/Scanned,111303.0,0.0093,CREOL-A112,1/8/2025,DI Water,3.0,,03_01_0186_U1_20250117_CV_1.csv,03_01_0186_U1_20250117_CF_1.csv,,03_01_0186_U1_20231121_CV_0.csv,03_01_0186_U1_20231121_CF_0.csv,,03_01_0246_000_U1.jpg,03_01_0186_001_U1.jpg,22.623247580098138,170.6631897179398,108.07531630208828,33.75239534859181,169.05273800254335,114.0416428917155,55.51522428622536,104.16363378953996,112.86986839349474
1.0,03_01_0191,U1,Failed,75274.0,03_01_0191_U1_20250406_I.CSV,CREOL-A112,4/6/2025,Adipic Acid - 1.24mM,3.0,3.87pH,03_01_0191_U1_20250416_CV_1.csv,03_01_0191_U1_20250416_CF_1.csv,,03_01_0191_U1_20231121_CV_0.csv,03_01_0191_U1_20231121_CF_0.csv,3.87,03_01_0246_000_U1.jpg,,,,,,,,,,
1.0,03_01_0191,U2,Failed,70121.0,03_01_0191_U2_20250406_I.CSV,CREOL-A112,4/6/2025,Adipic Acid - 1.24mM,3.0,,03_01_0191_U2_20250416_CV_1.csv,03_01_0191_U2_20250416_CF_1.csv,,03_01_0191_U2_20231121_CV_0.csv,03_01_0191_U2_20231121_CF_0.csv,,03_01_0246_000_U2.jpg,,,,,,,,,,
1.0,03_01_0191,U3,Failed,63614.0,03_01_0191_U3_20250406_I.CSV,CREOL-A112,4/6/2025,Adipic Acid - 1.24mM,3.0,,03_01_0191_U3_20250416_CV_1.csv,03_01_0191_U3_20250416_CF_1.csv,,03_01_0191_U3_20231121_CV_0.csv,03_01_0191_U3_20231121_CF_0.csv,,03_01_0246_000_U3.jpg,,,,,,,,,,
1.0,03_01_0191,U4,Failed,54307.0,03_01_0191_U4_20250406_I.CSV,CREOL-A112,4/6/2025,Adipic Acid - 1.24mM,3.0,3.98pH - residue seen ,03_01_0191_U4_20250416_CV_1.csv,03_01_0191_U4_20250416_CF_1.csv,,03_01_0191_U4_20231121_CV_0.csv,03_01_0191_U4_20231121_CF_0.csv,3.87,03_01_0246_000_U4.jpg,,,,,,,,,,
1.0,03_01_0196,U2,Measure/Scanned,29066.0,03_01_0196_U2_20250131_I.csv,CREOL-A112,1/31/2025,Succinic 1.425mM,3.0,,03_01_0196_U2_20250207_CV_1.csv,03_01_0196_U2_20250207_CF_1.csv,,03_01_0196_U2_20231121_CV_0.csv,03_01_0196_U2_20231121_CF_0.csv,,03_01_0246_000_U2.jpg,03_01_0196_001_U2.jpg,20.005023650286102,169.06813308834222,106.84261523615646,33.47536385147193,167.10279118729645,112.13632843363975,52.66689852286524,103.12870405865687,110.63533938126716
1.0,03_01_0196,U3,Measure/Scanned,32620.0,03_01_0196_U3_20250131_I.csv,CREOL-A112,1/31/2025,Succinic 1.425mM,3.0,,03_01_0196_U3_20250207_CV_1.csv,03_01_0196_U3_20250207_CF_1.csv,,03_01_0196_U3_20231121_CV_0.csv,03_01_0196_U3_20231121_CF_0.csv,,03_01_0246_000_U3.jpg,03_01_0196_001_U3.jpg,15.64392372485938,170.62076942578273,108.23621498288756,36.078474246841594,166.67196598148817,112.05666245943021,50.725777136675084,104.97848621850397,109.81813519253116
1.0,03_01_0196,U4,Measure/Scanned,30412.0,03_01_0196_U4_20250131_I.csv,CREOL-A112,1/31/2025,Succinic 1.425mM,3.0,,03_01_0196_U4_20250207_CV_1.csv,03_01_0196_U4_20250207_CF_1.csv,,03_01_0196_U4_20231121_CV_0.csv,03_01_0196_U4_20231121_CF_0.csv,,03_01_0246_000_U4.jpg,03_01_0196_001_U4.jpg,13.834294792153742,171.2602970642605,108.73311012578047,36.26561526429412,166.50633091402608,111.68823921638048,48.91688912491887,105.41967415144502,109.03715308510846
1.0,03_01_0196,U1,Measure/Scanned,10561.0,03_01_0196_U1_20250131_I.csv,CREOL-A112,1/31/2025,Succinic 1.425mM,3.0,,03_01_0196_U1_20250207_CV_1.csv,03_01_0196_U1_20250207_CF_1.csv,,03_01_0196_U1_20231121_CV_0.csv,03_01_0196_U1_20231121_CF_0.csv,,03_01_0246_000_U1.jpg,03_01_0196_001_U1.jpg,16.971824695009545,170.6631897179398,108.07531630208828,33.75239534859181,167.68778482403505,111.76468836422892,50.048969619970435,104.16363378953996,109.83381426941146
1.0,03_01_0201,U1,Not started,,,,,,,,,,,03_01_0201_U1_20231121_CV_0.csv,03_01_0201_U1_20231121_CF_0.csv,,03_01_0246_000_U1.jpg,,,,,,,,,,
1.0,03_01_0201,U2,Not started,,,,,,,,,,,03_01_0201_U2_20231121_CV_0.csv,03_01_0201_U2_20231121_CF_0.csv,,03_01_0246_000_U2.jpg,,,,,,,,,,
1.0,03_01_0201,U3,Not started,,,,,,,,,,,03_01_0201_U3_20231121_CV_0.csv,03_01_0201_U3_20231121_CF_0.csv,,03_01_0246_000_U3.jpg,,,,,,,,,,
1.0,03_01_0201,U4,Not started,,,,,,,,,,,03_01_0201_U4_20231121_CV_0.csv,03_01_0201_U4_20231121_CF_0.csv,,03_01_0246_000_U4.jpg,,,,,,,,,,
1.0,03_01_0206,U1,Not started,,,,,,,,,,,03_01_0206_U1_20231121_CV_0.csv,03_01_0206_U1_20231121_CF_0.csv,,03_01_0246_000_U1.jpg,,,,,,,,,,
1.0,03_01_0206,U2,Not started,,,,,,,,,,,03_01_0206_U2_20231121_CV_0.csv,03_01_0206_U2_20231121_CF_0.csv,,03_01_0246_000_U2.jpg,,,,,,,,,,
1.0,03_01_0206,U3,Not started,,,,,,,,,,,03_01_0206_U3_20231121_CV_0.csv,03_01_0206_U3_20231121_CF_0.csv,,03_01_0246_000_U3.jpg,,,,,,,,,,
1.0,03_01_0206,U4,Not started,,,,,,,,,,,03_01_0206_U4_20231121_CV_0.csv,03_01_0206_U4_20231121_CF_0.csv,,03_01_0246_000_U4.jpg,,,,,,,,,,
1.0,03_01_0211,U1,Not started,,,,,,,,,,,03_01_0211_U1_20231121_CV_0.csv,03_01_0211_U1_20231121_CF_0.csv,,03_01_0246_000_U1.jpg,,,,,,,,,,
1.0,03_01_0211,U2,Not started,,,,,,,,,,,03_01_0211_U2_20231121_CV_0.csv,03_01_0211_U2_20231121_CF_0.csv,,03_01_0246_000_U2.jpg,,,,,,,,,,
1.0,03_01_0211,U3,Not started,,,,,,,,,,,03_01_0211_U3_20231121_CV_0.csv,03_01_0211_U3_20231121_CF_0.csv,,03_01_0246_000_U3.jpg,,,,,,,,,,
1.0,03_01_0211,U4,Not started,,,,,,,,,,,03_01_0211_U4_20231121_CV_0.csv,03_01_0211_U4_20231121_CF_0.csv,,03_01_0246_000_U4.jpg,,,,,,,,,,
1.0,03_01_0216,U1,Not started,,,,,,,,,,,03_01_0216_U1_20231121_CV_0.csv,03_01_0216_U1_20231121_CF_0.csv,,03_01_0246_000_U1.jpg,,,,,,,,,,
1.0,03_01_0216,U2,Not started,,,,,,,,,,,03_01_0216_U2_20231121_CV_0.csv,03_01_0216_U2_20231121_CF_0.csv,,03_01_0246_000_U2.jpg,,,,,,,,,,
1.0,03_01_0216,U3,Not started,,,,,,,,,,,03_01_0216_U3_20231121_CV_0.csv,03_01_0216_U3_20231121_CF_0.csv,,03_01_0246_000_U3.jpg,,,,,,,,,,
1.0,03_01_0216,U4,Not started,,,,,,,,,,,03_01_0216_U4_20231121_CV_0.csv,03_01_0216_U4_20231121_CF_0.csv,,03_01_0246_000_U4.jpg,,,,,,,,,,
1.0,03_01_0221,U2,Measure/Scanned,89168.0,0.0061,CREOL-A112,1/14/2025,DI Water,3.0,,03_01_0221_U2_20250117_CV_1.csv,03_01_0221_U2_20250117_CF_1.csv,,03_01_0221_U2_20231121_CV_0.csv,03_01_0221_U2_20231121_CF_0.csv,,03_01_0246_000_U2.jpg,03_01_0221_001_U2.jpg,24.11813171509939,169.06813308834222,106.84261523615646,33.47536385147193,170.22691652779332,114.19944652292394,56.41481745842117,103.12870405865687,113.61372683637948
1.0,03_01_0221,U3,Measure/Scanned,88804.0,0.0105,CREOL-A112,1/14/2025,DI Water,3.0,,03_01_0221_U3_20250117_CV_1.csv,03_01_0221_U3_20250117_CF_1.csv,,03_01_0221_U3_20231121_CV_0.csv,03_01_0221_U3_20231121_CF_0.csv,,03_01_0246_000_U3.jpg,03_01_0221_001_U3.jpg,20.272175155776015,170.62076942578273,108.23621498288756,36.078474246841594,171.01698705535588,114.57421000751656,55.33032912382048,104.97848621850397,113.64050872889764
1.0,03_01_0221,U4,Measure/Scanned,88854.0,0.0071,CREOL-A112,1/14/2025,DI Water,3.0,,03_01_0221_U4_20250117_CV_1.csv,03_01_0221_U4_20250117_CF_1.csv,,03_01_0221_U4_20231121_CV_0.csv,03_01_0221_U4_20231121_CF_0.csv,,03_01_0246_000_U4.jpg,03_01_0221_001_U4.jpg,19.73013717008365,171.2602970642605,108.73311012578047,36.26561526429412,172.9695703108137,115.87990571332095,54.576268189540826,105.41967415144502,114.47524807122517
1.0,03_01_0221,U1,Measure/Scanned,99289.0,0.0082,CREOL-A112,1/14/2025,DI Water,3.0,,03_01_0221_U1_20250117_CV_1.csv,03_01_0221_U1_20250117_CF_1.csv,,03_01_0221_U1_20231121_CV_0.csv,03_01_0221_U1_20231121_CF_0.csv,,03_01_0246_000_U1.jpg,03_01_0221_001_U1.jpg,20.23393852949075,170.6631897179398,108.07531630208828,33.75239534859181,170.3639775911716,113.45839661551416,53.25483588452505,104.16363378953996,112.3590700304036
1.0,03_01_0226,U2,Measure/Scanned,77114.0,0.0083,CREOL-A112,1/14/2025,DI Water,3.0,,,,,03_01_0226_U2_20231121_CV_0.csv,03_01_0226_U2_20231121_CF_0.csv,,03_01_0246_000_U2.jpg,03_01_0226_001_U2.jpg,30.0248752736916,169.06813308834222,106.84261523615646,33.47536385147193,172.8806377273943,118.9526794053561,60.683897244431776,103.12870405865687,117.50573812572738
1.0,03_01_0226,U3,Measure/Scanned,65295.0,0.0095,CREOL-A112,1/14/2025,DI Water,3.0,,,,,03_01_0226_U3_20231121_CV_0.csv,03_01_0226_U3_20231121_CF_0.csv,,03_01_0246_000_U3.jpg,03_01_0226_001_U3.jpg,24.874782869676846,170.62076942578273,108.23621498288756,36.078474246841594,172.7788672561674,118.2292549681059,58.75525947803971,104.97848621850397,116.58779390077099
1.0,03_01_0226,U4,Measure/Scanned,77087.0,0.0051,CREOL-A112,1/14/2025,DI Water,3.0,,,,,03_01_0226_U4_20231121_CV_0.csv,03_01_0226_U4_20231121_CF_0.csv,,03_01_0246_000_U4.jpg,03_01_0226_001_U4.jpg,26.09663333335224,171.2602970642605,108.73311012578047,36.26561526429412,174.3318047506673,119.50345244433531,59.836780662061834,105.41967415144502,117.89067928568814
1.0,03_01_0226,U1,Measure/Scanned,77056.0,0.011,CREOL-A112,1/14/2025,DI Water,3.0,,,,,03_01_0226_U1_20231121_CV_0.csv,03_01_0226_U1_20231121_CF_0.csv,,03_01_0246_000_U1.jpg,03_01_0226_001_U1.jpg,27.624208538233887,170.6631897179398,108.07531630208828,33.75239534859181,171.90052895584526,118.48224968257831,59.31137863408687,104.16363378953996,116.56471909083682
1.0,03_01_0231,U2,Measure/Scanned,65362.0,0.0073,CREOL-A112,1/14/2025,DI Water,3.0,,03_01_0231_U2_20250117_CV_1.csv,03_01_0231_U2_20250117_CF_1.csv,,03_01_0231_U2_20231121_CV_0.csv,03_01_0231_U2_20231121_CF_0.csv,,03_01_0246_000_U2.jpg,03_01_0231_001_U2.jpg,26.97310827280468,169.06813308834222,106.84261523615646,33.47536385147193,173.50454263042337,117.94274002333806,57.654984815837196,103.12870405865687,116.3674224898662
1.0,03_01_0231,U3,Measure/Scanned,65314.0,0.0084,CREOL-A112,1/14/2025,DI Water,3.0,,03_01_0231_U3_20250117_CV_1.csv,03_01_0231_U3_20250117_CF_1.csv,,03_01_0231_U3_20231121_CV_0.csv,03_01_0231_U3_20231121_CF_0.csv,,03_01_0246_000_U3.jpg,03_01_0231_001_U3.jpg,25.010364827979515,170.62076942578273,108.23621498288756,36.078474246841594,175.32202568335381,119.69857030770116,57.804747485411546,104.97848621850397,117.60844782548884
1.0,03_01_0231,U4,Measure/Scanned,65247.0,0.0055,CREOL-A112,1/14/2025,DI Water,3.0,,03_01_0231_U4_20250117_CV_1.csv,03_01_0231_U4_20250117_CF_1.csv,,03_01_0231_U4_20231121_CV_0.csv,03_01_0231_U4_20231121_CF_0.csv,,03_01_0246_000_U4.jpg,03_01_0231_001_U4.jpg,24.0864874467883,171.2602970642605,108.73311012578047,36.26561526429412,175.7438143075047,119.28838222340349,57.44681404054291,105.41967415144502,117.49300352381704
1.0,03_01_0231,U1,Measure/Scanned,65380.0,0.0145,CREOL-A112,1/14/2025,DI Water,3.0,,03_01_0231_U1_20250117_CV_1.csv,03_01_0231_U1_20250117_CF_1.csv,,03_01_0231_U1_20231121_CV_0.csv,03_01_0231_U1_20231121_CF_0.csv,,03_01_0246_000_U1.jpg,03_01_0231_001_U1.jpg,24.173555946525425,170.6631897179398,108.07531630208828,33.75239534859181,172.96857661118224,116.47271276621252,56.30299913200689,104.16363378953996,115.24809616980055
1.0,03_01_0236,U1,Not started,,,,,,,,,,,03_01_0236_U1_20231121_CV_0.csv,03_01_0236_U1_20231121_CF_0.csv,,03_01_0246_000_U1.jpg,,,,,,,,,,
1.0,03_01_0236,U2,Not started,,,,,,,,,,,03_01_0236_U2_20231121_CV_0.csv,03_01_0236_U2_20231121_CF_0.csv,,03_01_0246_000_U2.jpg,,,,,,,,,,
1.0,03_01_0236,U3,Not started,,,,,,,,,,,03_01_0236_U3_20231121_CV_0.csv,03_01_0236_U3_20231121_CF_0.csv,,03_01_0246_000_U3.jpg,,,,,,,,,,
1.0,03_01_0236,U4,Not started,,,,,,,,,,,03_01_0236_U4_20231121_CV_0.csv,03_01_0236_U4_20231121_CF_0.csv,,03_01_0246_000_U4.jpg,,,,,,,,,,
1.0,03_01_0241,U2,Measure/Scanned,77055.0,0.0124,CREOL-A112,1/14/2025,DI Water,3.0,,03_01_0241_U2_20250117_CV_1.csv,03_01_0241_U2_20250117_CF_1.csv,,03_01_0241_U2_20231121_CV_0.csv,03_01_0241_U2_20231121_CF_0.csv,,03_01_0246_000_U2.jpg,03_01_0241_001_U2.jpg,23.41128719015386,169.06813308834222,106.84261523615646,33.47536385147193,169.9344872778224,115.08281524607887,55.37141148831058,103.12870405865687,113.46290467073727
1.0,03_01_0241,U3,Measure/Scanned,65318.0,0.0117,CREOL-A112,1/14/2025,DI Water,3.0,,03_01_0241_U3_20250117_CV_1.csv,03_01_0241_U3_20250117_CF_1.csv,,03_01_0241_U3_20231121_CV_0.csv,03_01_0241_U3_20231121_CF_0.csv,,03_01_0246_000_U3.jpg,03_01_0241_001_U3.jpg,21.8407704347563,170.62076942578273,108.23621498288756,36.078474246841594,172.56665279386218,117.06648149488515,55.959600583864116,104.97848621850397,115.19757829087048
1.0,03_01_0241,U4,Measure/Scanned,65270.0,0.0089,CREOL-A112,1/14/2025,DI Water,3.0,,03_01_0241_U4_20250117_CV_1.csv,03_01_0241_U4_20250117_CF_1.csv,,03_01_0241_U4_20231121_CV_0.csv,03_01_0241_U4_20231121_CF_0.csv,,03_01_0246_000_U4.jpg,03_01_0241_001_U4.jpg,23.642401093062972,171.2602970642605,108.73311012578047,36.26561526429412,174.6038704425259,119.2809471700228,57.15883857228395,105.41967415144502,117.0145520616109
1.0,03_01_0241,U1,Measure/Scanned,65293.0,0.0138,CREOL-A112,1/14/2025,DI Water,3.0,,03_01_0241_U1_20250117_CV_1.csv,03_01_0241_U1_20250117_CF_1.csv,,03_01_0241_U1_20231121_CV_0.csv,03_01_0241_U1_20231121_CF_0.csv,,03_01_0246_000_U1.jpg,03_01_0241_001_U1.jpg,23.973950201524083,170.6631897179398,108.07531630208828,33.75239534859181,172.38040864551402,117.95244183628259,55.529535624617594,104.16363378953996,115.28746203547142
1.0,03_01_0246,U1,Not started,,,,,,,,,,,03_01_0246_U1_20231121_CV_0.csv,03_01_0246_U1_20231121_CF_0.csv,,03_01_0246_000_U1.jpg,,,,,,,,,,
1.0,03_01_0246,U2,Not started,,,,,,,,,,,03_01_0246_U2_20231121_CV_0.csv,03_01_0246_U2_20231121_CF_0.csv,,03_01_0246_000_U2.jpg,,,,,,,,,,
1.0,03_01_0246,U3,Not started,,,,,,,,,,,03_01_0246_U3_20231121_CV_0.csv,03_01_0246_U3_20231121_CF_0.csv,,03_01_0246_000_U3.jpg,,,,,,,,,,
1.0,03_01_0246,U4,Not started,,,,,,,,,,,03_01_0246_U4_20231121_CV_0.csv,03_01_0246_U4_20231121_CF_0.csv,,03_01_0246_000_U4.jpg,,,,,,,,,,
4.0,03_04_0001,U1,Measure/Scanned,28671.0,,CREOL-A112,9/27/2024,DI Water,,,03_04_0001_U1_20241001_CV_1.csv,03_04_0001_U1_20241001_CF_1.csv,,03_04_0001_U1_20231121_CV_0.csv,03_04_0001_U1_20231121_CF_0.csv,,03_04_0246_000_U1.jpg,03_04_0001_001_U1.jpg,18.81668050906436,98.13078011953445,109.50593478032924,71.4404477298941,114.98813929948,111.76299669751263,79.49045259700496,93.02572087658594,102.08052953133252
4.0,03_04_0001,U2,Measure/Scanned,28587.0,,CREOL-A112,9/27/2024,DI Water,,,03_04_0001_U2_20241001_CV_1.csv,03_04_0001_U2_20241001_CF_1.csv,,03_04_0001_U2_20231121_CV_0.csv,03_04_0001_U2_20231121_CF_0.csv,,03_04_0246_000_U2.jpg,03_04_0001_001_U2.jpg,20.057773359664154,99.22055017250723,108.54417639360732,71.32734603233354,116.99005089496089,110.93404592312356,80.3188775956581,93.03069086614937,102.74765813791419
4.0,03_04_0001,U3,Measure/Scanned,33640.0,,CREOL-A112,9/27/2024,DI Water,,,03_04_0001_U3_20241001_CV_1.csv,03_04_0001_U3_20241001_CF_1.csv,,03_04_0001_U3_20231121_CV_0.csv,03_04_0001_U3_20231121_CF_0.csv,,03_04_0246_000_U3.jpg,03_04_0001_001_U3.jpg,12.272494698626085,104.45701226321779,111.43951085395815,74.53809787175206,115.64475886783285,111.70222485422741,79.57589832361516,96.81154032964268,102.30762734855847
4.0,03_04_0001,U4,Measure/Scanned,69123.0,0.0051,CREOL-A112,9/27/2024,DI Water,,,03_04_0001_U4_20241001_CV_1.csv,03_04_0001_U4_20241001_CF_1.csv,,03_04_0001_U4_20231121_CV_0.csv,03_04_0001_U4_20231121_CF_0.csv,,03_04_0246_000_U4.jpg,03_04_0001_001_U4.jpg,7.605238314625992,103.03431269894455,112.0064997277601,74.8045919542637,109.86276998990155,110.6827238768468,77.88021194775608,96.61513479365611,99.47523527150149
4.0,03_04_0006,U1,Measure/Scanned,41653.0,0.0062,CREOL-A112,10/2/2024,DI Water,5.0,,,,,03_04_0006_U1_20231121_CV_0.csv,03_04_0006_U1_20231121_CF_0.csv,,03_04_0246_000_U1.jpg,03_04_0006_001_U1.jpg,13.802366607139827,98.13078011953445,109.50593478032924,71.4404477298941,110.26834760367498,110.99464914996562,77.8411124650182,93.02572087658594,99.70136973955293
4.0,03_04_0006,U2,Measure/Scanned,46230.0,0.0056,CREOL-A112,10/2/2024,DI Water,5.0,,03_04_0006_U2_20241015_CV_1.csv,03_04_0006_U2_20241015_CF_1.csv,,03_04_0006_U2_20231121_CV_0.csv,03_04_0006_U2_20231121_CF_0.csv,,03_04_0246_000_U2.jpg,03_04_0006_001_U2.jpg,5.900383888689161,99.22055017250723,108.54417639360732,71.32734603233354,103.12691820220337,110.4572353027201,75.31420249585649,93.03069086614937,96.29945200025998
4.0,03_04_0006,U3,Measure/Scanned,41512.0,0.0057,CREOL-A112,10/2/2024,DI Water,5.0,,03_04_0006_U3_20241015_CV_1.csv,03_04_0006_U3_20241015_CF_1.csv,,03_04_0006_U3_20231121_CV_0.csv,03_04_0006_U3_20231121_CF_0.csv,,03_04_0246_000_U3.jpg,03_04_0006_001_U3.jpg,1.9254548426464968,104.45701226321779,111.43951085395815,74.53809787175206,105.5195263887664,111.12322453969094,76.11239233324514,96.81154032964268,97.58504775390082
4.0,03_04_0006,U4,Measure/Scanned,36397.0,0.0058,CREOL-A112,10/2/2024,DI Water,5.0,,03_04_0006_U4_20241015_CV_1.csv,03_04_0006_U4_20241015_CF_1.csv,,03_04_0006_U4_20231121_CV_0.csv,03_04_0006_U4_20231121_CF_0.csv,,03_04_0246_000_U4.jpg,03_04_0006_001_U4.jpg,9.09109820581296,103.03431269894455,112.0064997277601,74.8045919542637,111.33611283416342,111.60291781341652,78.48770242518775,96.61513479365611,100.47557769092258
4.0,03_04_0011,U1,Failed,62728.0,03_04_0101_U1_20250406_I.CSV,CREOL-A112,4/6/2025,Adipic Acid - 1.24mM,3.0,,03_04_0011_U1_20250416_CV_1.csv,03_04_0011_U1_20250416_CF_1.csv,,03_04_0011_U1_20231121_CV_0.csv,03_04_0011_U1_20231121_CF_0.csv,,03_04_0246_000_U1.jpg,,,,,,,,,,
4.0,03_04_0011,U2,Failed,54557.0,03_04_0101_U2_20250406_I.CSV,CREOL-A112,4/6/2025,Adipic Acid - 1.24mM,3.0,,03_04_0011_U2_20250416_CV_1.csv,03_04_0011_U2_20250416_CF_1.csv,,03_04_0011_U2_20231121_CV_0.csv,03_04_0011_U2_20231121_CF_0.csv,,03_04_0246_000_U2.jpg,,,,,,,,,,
4.0,03_04_0011,U3,Failed,46216.0,03_04_0101_U3_20250406_I.CSV,CREOL-A112,4/6/2025,Adipic Acid - 1.24mM,3.0,,03_04_0011_U3_20250416_CV_1.csv,03_04_0011_U3_20250416_CF_1.csv,,03_04_0011_U3_20231121_CV_0.csv,03_04_0011_U3_20231121_CF_0.csv,,03_04_0246_000_U3.jpg,,,,,,,,,,
4.0,03_04_0011,U4,Failed,48362.0,03_04_0101_U4_20250406_I.CSV,CREOL-A112,4/6/2025,Adipic Acid - 1.24mM,3.0,,03_04_0011_U4_20250416_CV_1.csv,03_04_0011_U4_20250416_CF_1.csv,,03_04_0011_U4_20231121_CV_0.csv,03_04_0011_U4_20231121_CF_0.csv,,03_04_0246_000_U4.jpg,,,,,,,,,,
4.0,03_04_0016,U2,Measure/Scanned,56831.0,0.0054,CREOL-A112,1/9/2025,Succinic 3.6mM,3.0,"low concentration, low voltage",03_04_0016_U2_20250117_CV_1.csv,03_04_0016_U2_20250117_CF_1.csv,,03_04_0016_U2_20231121_CV_0.csv,03_04_0016_U2_20231121_CF_0.csv,,03_04_0246_000_U2.jpg,03_04_0016_001_U2.jpg,4.814714662299651,99.22055017250723,108.54417639360732,71.32734603233354,99.78555664067221,105.90952201954177,75.3174389259279,93.03069086614937,93.67083919538062
4.0,03_04_0016,U3,Measure/Scanned,38843.0,0.0052,CREOL-A112,1/9/2025,Succinic 3.6mM,3.0,"low concentration, low voltage",03_04_0016_U3_20250117_CV_1.csv,03_04_0016_U3_20250117_CF_1.csv,,03_04_0016_U3_20231121_CV_0.csv,03_04_0016_U3_20231121_CF_0.csv,,03_04_0246_000_U3.jpg,03_04_0016_001_U3.jpg,8.311750809990363,104.45701226321779,111.43951085395815,74.53809787175206,111.38214219864436,109.28557476226901,78.5986811079083,96.81154032964268,99.75546602294055
4.0,03_04_0016,U4,Measure/Scanned,145707.0,0.005,CREOL-A112,1/9/2025,Succinic 3.6mM,3.0,"low concentration, low voltage",03_04_0016_U4_20250117_CV_1.csv,03_04_0016_U4_20250117_CF_1.csv,,03_04_0016_U4_20231121_CV_0.csv,03_04_0016_U4_20231121_CF_0.csv,,03_04_0246_000_U4.jpg,03_04_0016_001_U4.jpg,6.2713254252274275,103.03431269894455,112.0064997277601,74.8045919542637,108.43201165545274,110.05049019490427,77.32815991875196,96.61513479365611,98.60355392303632
4.0,03_04_0016,U1,Measure/Scanned,39740.0,0.0051,CREOL-A112,1/9/2025,Succinic 3.6mM,3.0,"low concentration, low voltage",03_04_0016_U1_20250117_CV_1.csv,03_04_0016_U1_20250117_CF_1.csv,,03_04_0016_U1_20231121_CV_0.csv,03_04_0016_U1_20231121_CF_0.csv,,03_04_0246_000_U1.jpg,03_04_0016_001_U1.jpg,4.562061665128604,98.13078011953445,109.50593478032924,71.4404477298941,99.49255317871891,107.86299337366754,75.47265857581868,93.02572087658594,94.27606837606838
4.0,03_04_0021,U1,Not started,,,,,,,,,,,03_04_0021_U1_20231121_CV_0.csv,03_04_0021_U1_20231121_CF_0.csv,,03_04_0246_000_U1.jpg,,,,,,,,,,
4.0,03_04_0021,U2,Not started,,,,,,,,,,,03_04_0021_U2_20231121_CV_0.csv,03_04_0021_U2_20231121_CF_0.csv,,03_04_0246_000_U2.jpg,,,,,,,,,,
4.0,03_04_0021,U3,Not started,,,,,,,,,,,03_04_0021_U3_20231121_CV_0.csv,03_04_0021_U3_20231121_CF_0.csv,,03_04_0246_000_U3.jpg,,,,,,,,,,
4.0,03_04_0021,U4,Not started,,,,,,,,,,,03_04_0021_U4_20231121_CV_0.csv,03_04_0021_U4_20231121_CF_0.csv,,03_04_0246_000_U4.jpg,,,,,,,,,,
4.0,03_04_0026,U1,Measure/Scanned,44328.0,0.0054,CREOL-A112,10/2/2024,DI Water,5.0,,03_04_0026_U1_20241015_CV_1.csv,03_04_0026_U1_20241015_CF_1.csv,,03_04_0026_U1_20231121_CV_0.csv,03_04_0026_U1_20231121_CF_0.csv,,03_04_0246_000_U1.jpg,03_04_0026_001_U1.jpg,6.915013033894223,98.13078011953445,109.50593478032924,71.4404477298941,103.26443162783183,110.225359473164,76.01706826929025,93.02572087658594,96.50228645676202
4.0,03_04_0026,U2,Measure/Scanned,54237.0,0.0061,CREOL-A112,10/2/2024,DI Water,5.0,,03_04_0026_U2_20241015_CV_1.csv,03_04_0026_U2_20241015_CF_1.csv,,03_04_0026_U2_20231121_CV_0.csv,03_04_0026_U2_20231121_CF_0.csv,,03_04_0246_000_U2.jpg,03_04_0026_001_U2.jpg,6.091619048472818,99.22055017250723,108.54417639360732,71.32734603233354,97.46774514636435,111.33521171550778,76.45039385603664,93.03069086614937,95.08445023930294
4.0,03_04_0026,U3,Measure/Scanned,51724.0,0.0052,CREOL-A112,10/2/2024,DI Water,5.0,,03_04_0026_U3_20241015_CV_1.csv,03_04_0026_U3_20241015_CF_1.csv,,03_04_0026_U3_20231121_CV_0.csv,03_04_0026_U3_20231121_CF_0.csv,,03_04_0246_000_U3.jpg,03_04_0026_001_U3.jpg,6.136312770371532,104.45701226321779,111.43951085395815,74.53809787175206,98.3958669434736,110.48280417869388,74.57764741375563,96.81154032964268,94.48543951197438
4.0,03_04_0026,U4,Measure/Scanned,45126.0,0.0055,CREOL-A112,10/2/2024,DI Water,5.0,,03_04_0026_U4_20241015_CV_1.csv,03_04_0026_U4_20241015_CF_1.csv,,03_04_0026_U4_20231121_CV_0.csv,03_04_0026_U4_20231121_CF_0.csv,,03_04_0246_000_U4.jpg,03_04_0026_001_U4.jpg,2.3606226057879938,103.03431269894455,112.0064997277601,74.8045919542637,102.65749181243302,109.67819088727569,74.90217806889127,96.61513479365611,95.74595358953333
4.0,03_04_0031,U1,Failed,44974.0,03_04_0031_U1_20250406_I.CSV,CREOL-A112,4/6/2025,Adipic Acid - 1.24mM,3.0,3.84pH,03_04_0031_U1_20250416_CV_1.csv,03_04_0031_U1_20250416_CF_1.csv,,03_04_0031_U1_20231121_CV_0.csv,03_04_0031_U1_20231121_CF_0.csv,3.84,03_04_0246_000_U1.jpg,,,,,,,,,,
4.0,03_04_0031,U2,Failed,55365.0,03_04_0031_U2_20250406_I.CSV,CREOL-A112,4/6/2025,Adipic Acid - 1.24mM,3.0,Scann needs to be reviewed,03_04_0031_U2_20250416_CV_1.csv,03_04_0031_U2_20250416_CF_1.csv,,03_04_0031_U2_20231121_CV_0.csv,03_04_0031_U2_20231121_CF_0.csv,,03_04_0246_000_U2.jpg,,,,,,,,,,
4.0,03_04_0031,U3,Failed,12457.0,03_04_0031_U3_20250406_I.CSV,CREOL-A112,4/6/2025,Adipic Acid - 1.24mM,3.0,,03_04_0031_U3_20250416_CV_1.csv,03_04_0031_U3_20250416_CF_1.csv,,03_04_0031_U3_20231121_CV_0.csv,03_04_0031_U3_20231121_CF_0.csv,,03_04_0246_000_U3.jpg,,,,,,,,,,
4.0,03_04_0031,U4,Failed,46176.0,03_04_0031_U4_20250406_I.CSV,CREOL-A112,4/6/2025,Adipic Acid - 1.24mM,3.0,3.96-end,03_04_0031_U4_20250416_CV_1.csv,03_04_0031_U4_20250416_CF_1.csv,,03_04_0031_U4_20231121_CV_0.csv,03_04_0031_U4_20231121_CF_0.csv,3.84,03_04_0246_000_U4.jpg,,,,,,,,,,
4.0,03_04_0036,U1,Failed,16874.0,03_04_0036_U1_20250219_I.csv,CREOL-A112,2/19/2025,Succinic 0.712 mM,3.0,current leak,03_04_0036_U1_20250314_CV_1.csv,03_04_0036_U1_20250314_CF_1.csv,,03_04_0036_U1_20231121_CV_0.csv,03_04_0036_U1_20231121_CF_0.csv,,03_04_0246_000_U1.jpg,,,,,,,,,,
4.0,03_04_0036,U2,Failed,74835.0,03_04_0036_U2_20250219_I.csv,CREOL-A112,2/19/2025,Succinic 0.712 mM,3.0,,03_04_0036_U2_20250314_CV_1.csv,03_04_0036_U2_20250314_CF_1.csv,,03_04_0036_U2_20231121_CV_0.csv,03_04_0036_U2_20231121_CF_0.csv,,03_04_0246_000_U2.jpg,,,,,,,,,,
4.0,03_04_0036,U3,Failed,71187.0,03_04_0036_U3_20250219_I.csv,CREOL-A112,2/19/2025,Succinic 0.712 mM,3.0,,03_04_0036_U3_20250314_CV_1.csv,03_04_0036_U3_20250314_CF_1.csv,,03_04_0036_U3_20231121_CV_0.csv,03_04_0036_U3_20231121_CF_0.csv,,03_04_0246_000_U3.jpg,,,,,,,,,,
4.0,03_04_0036,U4,Failed,162098.0,03_04_0036_U4_20250219_I.csv,CREOL-A112,2/19/2025,Succinic 0.712 mM,3.0,,03_04_0036_U4_20250314_CV_1.csv,03_04_0036_U4_20250314_CF_1.csv,,03_04_0036_U4_20231121_CV_0.csv,03_04_0036_U4_20231121_CF_0.csv,,03_04_0246_000_U4.jpg,,,,,,,,,,
4.0,03_04_0041,U1,Not started,,,,,,,,,,,03_04_0041_U1_20231121_CV_0.csv,03_04_0041_U1_20231121_CF_0.csv,,03_04_0246_000_U1.jpg,,,,,,,,,,
4.0,03_04_0041,U2,Not started,,,,,,,,,,,03_04_0041_U2_20231121_CV_0.csv,03_04_0041_U2_20231121_CF_0.csv,,03_04_0246_000_U2.jpg,,,,,,,,,,
4.0,03_04_0041,U3,Not started,,,,,,,,,,,03_04_0041_U3_20231121_CV_0.csv,03_04_0041_U3_20231121_CF_0.csv,,03_04_0246_000_U3.jpg,,,,,,,,,,
4.0,03_04_0041,U4,Not started,,,,,,,,,,,03_04_0041_U4_20231121_CV_0.csv,03_04_0041_U4_20231121_CF_0.csv,,03_04_0246_000_U4.jpg,,,,,,,,,,
4.0,03_04_0046,U1,Measure/Scanned,39293.0,0.0057,CREOL-A112,10/2/2024,DI Water,5.0,,03_04_0046_U1_20241015_CV_1.csv,03_04_0046_U1_20241015_CF_1.csv,,03_04_0046_U1_20231121_CV_0.csv,03_04_0046_U1_20231121_CF_0.csv,,03_04_0246_000_U1.jpg,03_04_0046_001_U1.jpg,17.819416990378205,98.13078011953445,109.50593478032924,71.4404477298941,114.84788295577131,112.60485308470746,76.77587648327939,93.02572087658594,101.40953750791938
4.0,03_04_0046,U2,Measure/Scanned,31251.0,0.0054,CREOL-A112,10/2/2024,DI Water,5.0,,03_04_0046_U2_20241015_CV_1.csv,03_04_0046_U2_20241015_CF_1.csv,,03_04_0046_U2_20231121_CV_0.csv,03_04_0046_U2_20231121_CF_0.csv,,03_04_0246_000_U2.jpg,03_04_0046_001_U2.jpg,17.551060562187836,99.22055017250723,108.54417639360732,71.32734603233354,115.18190613101251,112.83357551739321,77.23292796643096,93.03069086614937,101.74946987161223
4.0,03_04_0046,U3,Measure/Scanned,39036.0,0.0059,CREOL-A112,10/2/2024,DI Water,5.0,,03_04_0046_U3_20241015_CV_1.csv,03_04_0046_U3_20241015_CF_1.csv,,03_04_0046_U3_20231121_CV_0.csv,03_04_0046_U3_20231121_CF_0.csv,,03_04_0246_000_U3.jpg,03_04_0046_001_U3.jpg,10.403791021010253,104.45701226321779,111.43951085395815,74.53809787175206,114.75939985679881,112.44187853934778,75.58449000846188,96.81154032964268,100.92858946820282
4.0,03_04_0046,U4,Measure/Scanned,39445.0,0.0051,CREOL-A112,10/2/2024,DI Water,5.0,,03_04_0046_U4_20241015_CV_1.csv,03_04_0046_U4_20241015_CF_1.csv,,03_04_0046_U4_20231121_CV_0.csv,03_04_0046_U4_20231121_CF_0.csv,,03_04_0246_000_U4.jpg,03_04_0046_001_U4.jpg,9.210725900266539,103.03431269894455,112.0064997277601,74.8045919542637,112.15172873704729,111.35721696419411,73.66941430696625,96.61513479365611,99.05945333606921
4.0,03_04_0051,U1,Failed,51228.0,03_04_0051_U1_20250406_I.CSV,CREOL-A112,4/6/2025,Adipic Acid - 1.24mM,3.0,pH 3.96,03_04_0051_U1_20250416_CV_1.csv,03_04_0051_U1_20250416_CF_1.csv,,03_04_0051_U1_20231121_CV_0.csv,03_04_0051_U1_20231121_CF_0.csv,3.96,03_04_0246_000_U1.jpg,,,,,,,,,,
4.0,03_04_0051,U2,Failed,38554.0,03_04_0051_U2_20250406_I.CSV,CREOL-A112,4/6/2025,Adipic Acid - 1.24mM,3.0,,03_04_0051_U2_20250416_CV_1.csv,03_04_0051_U2_20250416_CF_1.csv,,03_04_0051_U2_20231121_CV_0.csv,03_04_0051_U2_20231121_CF_0.csv,,03_04_0246_000_U2.jpg,,,,,,,,,,
4.0,03_04_0051,U3,Failed,40426.0,03_04_0051_U3_20250406_I.CSV,CREOL-A112,4/6/2025,Adipic Acid - 1.24mM,3.0,,03_04_0051_U3_20250416_CV_1.csv,03_04_0051_U3_20250416_CF_1.csv,,03_04_0051_U3_20231121_CV_0.csv,03_04_0051_U3_20231121_CF_0.csv,,03_04_0246_000_U3.jpg,,,,,,,,,,
4.0,03_04_0051,U4,Failed,40868.0,03_04_0051_U4_20250406_I.CSV,CREOL-A112,4/6/2025,Adipic Acid - 1.24mM,3.0,,03_04_0051_U4_20250416_CV_1.csv,03_04_0051_U4_20250416_CF_1.csv,,03_04_0051_U4_20231121_CV_0.csv,03_04_0051_U4_20231121_CF_0.csv,,03_04_0246_000_U4.jpg,,,,,,,,,,
4.0,03_04_0056,U1,Failed,46035.0,03_04_0056_U1_20250303_I.csv,CREOL-A112,3/3/2025,Succinic 0.388mM,3.0,,03_04_0056_U1_20250314_CV_1.csv,03_04_0056_U1_20250314_CF_1.csv,,03_04_0056_U1_20231121_CV_0.csv,03_04_0056_U1_20231121_CF_0.csv,,03_04_0246_000_U1.jpg,,,,,,,,,,
4.0,03_04_0056,U2,Failed,42011.0,03_04_0056_U2_20250303_I.csv,CREOL-A112,3/3/2025,Succinic 0.388mM,3.0,,03_04_0056_U2_20250314_CV_1.csv,03_04_0056_U2_20250314_CF_1.csv,,03_04_0056_U2_20231121_CV_0.csv,03_04_0056_U2_20231121_CF_0.csv,,03_04_0246_000_U2.jpg,,,,,,,,,,
4.0,03_04_0056,U3,Failed,37900.0,03_04_0056_U3_20250303_I.csv,CREOL-A112,3/3/2025,Succinic 0.388mM,3.0,,03_04_0056_U3_20250314_CV_1.csv,03_04_0056_U3_20250314_CF_1.csv,,03_04_0056_U3_20231121_CV_0.csv,03_04_0056_U3_20231121_CF_0.csv,,03_04_0246_000_U3.jpg,,,,,,,,,,
4.0,03_04_0056,U4,Failed,42042.0,03_04_0056_U4_20250303_I.csv,CREOL-A112,3/3/2025,Succinic 0.388mM,3.0,,03_04_0056_U4_20250314_CV_1.csv,03_04_0056_U4_20250314_CF_1.csv,,03_04_0056_U4_20231121_CV_0.csv,03_04_0056_U4_20231121_CF_0.csv,,03_04_0246_000_U4.jpg,,,,,,,,,,
4.0,03_04_0061,U1,Not started,,,,,,,,,,,03_04_0061_U1_20231121_CV_0.csv,03_04_0061_U1_20231121_CF_0.csv,,03_04_0246_000_U1.jpg,,,,,,,,,,
4.0,03_04_0061,U2,Not started,,,,,,,,,,,03_04_0061_U2_20231121_CV_0.csv,03_04_0061_U2_20231121_CF_0.csv,,03_04_0246_000_U2.jpg,,,,,,,,,,
4.0,03_04_0061,U3,Not started,,,,,,,,,,,03_04_0061_U3_20231121_CV_0.csv,03_04_0061_U3_20231121_CF_0.csv,,03_04_0246_000_U3.jpg,,,,,,,,,,
4.0,03_04_0061,U4,Not started,,,,,,,,,,,03_04_0061_U4_20231121_CV_0.csv,03_04_0061_U4_20231121_CF_0.csv,,03_04_0246_000_U4.jpg,,,,,,,,,,
4.0,03_04_0066,U1,Measure/Scanned,52198.0,0.006,CREOL-A112,10/2/2024,DI Water,5.0,,03_04_0066_U1_20241015_CV_1.csv,03_04_0066_U1_20241015_CF_1.csv,,03_04_0066_U1_20231121_CV_0.csv,03_04_0066_U1_20231121_CF_0.csv,,03_04_0246_000_U1.jpg,03_04_0066_001_U1.jpg,3.9905332179199062,98.13078011953445,109.50593478032924,71.4404477298941,99.53989152972638,112.67299531044105,73.41743735950702,93.02572087658594,95.21010806655813
4.0,03_04_0066,U2,Measure/Scanned,65877.0,0.0058,CREOL-A112,10/2/2024,DI Water,5.0,,03_04_0066_U2_20241015_CV_1.csv,03_04_0066_U2_20241015_CF_1.csv,,03_04_0066_U2_20231121_CV_0.csv,03_04_0066_U2_20231121_CF_0.csv,,03_04_0246_000_U2.jpg,03_04_0066_001_U2.jpg,4.300185655852694,99.22055017250723,108.54417639360732,71.32734603233354,100.32731898692471,112.00401105572402,73.6286942408952,93.03069086614937,95.32000809451465
4.0,03_04_0066,U3,Measure/Scanned,77964.0,0.0054,CREOL-A112,10/2/2024,DI Water,5.0,,03_04_0066_U3_20241015_CV_1.csv,03_04_0066_U3_20241015_CF_1.csv,,03_04_0066_U3_20231121_CV_0.csv,03_04_0066_U3_20231121_CF_0.csv,,03_04_0246_000_U3.jpg,03_04_0066_001_U3.jpg,5.343823714413978,104.45701226321779,111.43951085395815,74.53809787175206,99.28146830948982,112.22599634541979,73.46495424414043,96.81154032964268,94.99080629968334
4.0,03_04_0066,U4,Measure/Scanned,63731.0,0.0052,CREOL-A112,10/2/2024,DI Water,5.0,,03_04_0066_U4_20241015_CV_1.csv,03_04_0066_U4_20241015_CF_1.csv,,03_04_0066_U4_20231121_CV_0.csv,03_04_0066_U4_20231121_CF_0.csv,,03_04_0246_000_U4.jpg,03_04_0066_001_U4.jpg,5.0057597308834305,103.03431269894455,112.0064997277601,74.8045919542637,98.49644277374203,111.51304014117704,72.74987429441698,96.61513479365611,94.25311906977869
4.0,03_04_0071,U1,Failed,48820.0,03_04_0071_U1_20250406_I.CSV,CREOL-A112,4/6/2025,Adipic Acid - 1.24mM,3.0,3.843pH,03_04_0071_U1_20250416_CV_1.csv,03_04_0071_U1_20250416_CF_1.csv,,03_04_0071_U1_20231121_CV_0.csv,03_04_0071_U1_20231121_CF_0.csv,3.84,03_04_0246_000_U1.jpg,,,,,,,,,,
4.0,03_04_0071,U2,Failed,34720.0,03_04_0071_U2_20250406_I.CSV,CREOL-A112,4/6/2025,Adipic Acid - 1.24mM,3.0,,03_04_0071_U2_20250416_CV_1.csv,03_04_0071_U2_20250416_CF_1.csv,,03_04_0071_U2_20231121_CV_0.csv,03_04_0071_U2_20231121_CF_0.csv,,03_04_0246_000_U2.jpg,,,,,,,,,,
4.0,03_04_0071,U3,Failed,29584.0,03_04_0071_U3_20250406_I.CSV,CREOL-A112,4/6/2025,Adipic Acid - 1.24mM,3.0,,03_04_0071_U3_20250416_CV_1.csv,03_04_0071_U3_20250416_CF_1.csv,,03_04_0071_U3_20231121_CV_0.csv,03_04_0071_U3_20231121_CF_0.csv,,03_04_0246_000_U3.jpg,,,,,,,,,,
4.0,03_04_0071,U4,Failed,27469.0,03_04_0071_U4_20250406_I.CSV,CREOL-A112,4/6/2025,Adipic Acid - 1.24mM,3.0,,03_04_0071_U4_20250416_CV_1.csv,03_04_0071_U4_20250416_CF_1.csv,,03_04_0071_U4_20231121_CV_0.csv,03_04_0071_U4_20231121_CF_0.csv,,03_04_0246_000_U4.jpg,,,,,,,,,,
4.0,03_04_0076,U1,Failed,88182.0,03_04_0076_U1_20250303_I.csv,CREOL-A112,3/3/2025,Succinic 0.388mM,3.0,,03_04_0076_U1_20250314_CV_1.csv,03_04_0076_U1_20250314_CF_1.csv,,03_04_0076_U1_20231121_CV_0.csv,03_04_0076_U1_20231121_CF_0.csv,,03_04_0246_000_U1.jpg,,,,,,,,,,
4.0,03_04_0076,U2,Failed,121773.0,03_04_0076_U2_20250303_I.csv,CREOL-A112,3/3/2025,Succinic 0.388mM,3.0,,03_04_0076_U2_20250314_CV_1.csv,03_04_0076_U2_20250314_CF_1.csv,,03_04_0076_U2_20231121_CV_0.csv,03_04_0076_U2_20231121_CF_0.csv,,03_04_0246_000_U2.jpg,,,,,,,,,,
4.0,03_04_0076,U3,Failed,62972.0,03_04_0076_U3_20250303_I.csv,CREOL-A112,3/3/2025,Succinic 0.388mM,3.0,,,,,03_04_0076_U3_20231121_CV_0.csv,03_04_0076_U3_20231121_CF_0.csv,,03_04_0246_000_U3.jpg,,,,,,,,,,
4.0,03_04_0076,U4,Failed,83169.0,03_04_0076_U4_20250303_I.csv,CREOL-A112,3/3/2025,Succinic 0.388mM,3.0,,,,,03_04_0076_U4_20231121_CV_0.csv,03_04_0076_U4_20231121_CF_0.csv,,03_04_0246_000_U4.jpg,,,,,,,,,,
4.0,03_04_0081,U1,Not started,,,,,,,,,,,03_04_0081_U1_20231121_CV_0.csv,03_04_0081_U1_20231121_CF_0.csv,,03_04_0246_000_U1.jpg,,,,,,,,,,
4.0,03_04_0081,U2,Not started,,,,,,,,,,,03_04_0081_U2_20231121_CV_0.csv,03_04_0081_U2_20231121_CF_0.csv,,03_04_0246_000_U2.jpg,,,,,,,,,,
4.0,03_04_0081,U3,Not started,,,,,,,,,,,03_04_0081_U3_20231121_CV_0.csv,03_04_0081_U3_20231121_CF_0.csv,,03_04_0246_000_U3.jpg,,,,,,,,,,
4.0,03_04_0081,U4,Not started,,,,,,,,,,,03_04_0081_U4_20231121_CV_0.csv,03_04_0081_U4_20231121_CF_0.csv,,03_04_0246_000_U4.jpg,,,,,,,,,,
4.0,03_04_0086,U2,Measure/Scanned,88050.0,0.0089,CREOL-A112,1/8/2025,DI Water,3.0,,03_04_0086_U2_20250117_CV_1.csv,03_04_0086_U2_20250117_CF_1.csv,,03_04_0086_U2_20231121_CV_0.csv,03_04_0086_U2_20231121_CF_0.csv,,03_04_0246_000_U2.jpg,03_04_0086_001_U2.jpg,5.163403992120855,99.22055017250723,108.54417639360732,71.32734603233354,103.84951214793112,108.90903322489505,73.58573734222472,93.03069086614937,95.4480942383503
4.0,03_04_0086,U3,Measure/Scanned,76428.0,0.0076,CREOL-A112,1/8/2025,DI Water,3.0,,03_04_0086_U3_20250117_CV_1.csv,03_04_0086_U3_20250117_CF_1.csv,,03_04_0086_U3_20231121_CV_0.csv,03_04_0086_U3_20231121_CF_0.csv,,03_04_0246_000_U3.jpg,03_04_0086_001_U3.jpg,1.8641867693078054,104.45701226321779,111.43951085395815,74.53809787175206,106.19950094819842,111.396949432442,75.1992438609067,96.81154032964268,97.59856474718238
4.0,03_04_0086,U4,Measure/Scanned,87975.0,0.0056,CREOL-A112,1/8/2025,DI Water,3.0,,03_04_0086_U4_20250117_CV_1.csv,03_04_0086_U4_20250117_CF_1.csv,,03_04_0086_U4_20231121_CV_0.csv,03_04_0086_U4_20231121_CF_0.csv,,03_04_0246_000_U4.jpg,03_04_0086_001_U4.jpg,6.735771967053243,103.03431269894455,112.0064997277601,74.8045919542637,109.2116423500169,110.80859804673177,77.20797580556838,96.61513479365611,99.07607206743903
4.0,03_04_0086,U1,Measure/Scanned,53168.0,0.0164,CREOL-A112,1/8/2025,DI Water,3.0,Ran twice,03_04_0086_U1_20250117_CV_1.csv,03_04_0086_U1_20250117_CF_1.csv,,03_04_0086_U1_20231121_CV_0.csv,03_04_0086_U1_20231121_CF_0.csv,,03_04_0246_000_U1.jpg,03_04_0086_001_U1.jpg,14.130600526668498,98.13078011953445,109.50593478032924,71.4404477298941,111.72975261814452,108.60033695937403,75.17162861709487,93.02572087658594,98.50057273153782
4.0,03_04_0091,U1,Failed,77704.0,03_04_0091_U1_20250408_I.csv,CREOL-A112,4/8/2025,Adipic Acid - 1.24mM,3.0,3.91 pH,03_04_0091_U1_20250416_CV_1.csv,03_04_0091_U1_20250416_CF_1.csv,,03_04_0091_U1_20231121_CV_0.csv,03_04_0091_U1_20231121_CF_0.csv,3.91,03_04_0246_000_U1.jpg,,,,,,,,,,
4.0,03_04_0091,U2,Failed,62575.0,03_04_0091_U2_20250408_I.csv,CREOL-A112,4/8/2025,Adipic Acid - 1.24mM,3.0,,03_04_0091_U2_20250416_CV_1.csv,03_04_0091_U2_20250416_CF_1.csv,,03_04_0091_U2_20231121_CV_0.csv,03_04_0091_U2_20231121_CF_0.csv,,03_04_0246_000_U2.jpg,,,,,,,,,,
4.0,03_04_0091,U3,Failed,80718.0,03_04_0091_U3_20250408_I.csv,CREOL-A112,4/8/2025,Adipic Acid - 1.24mM,3.0,,03_04_0091_U3_20250416_CV_1.csv,03_04_0091_U3_20250416_CF_1.csv,,03_04_0091_U3_20231121_CV_0.csv,03_04_0091_U3_20231121_CF_0.csv,,03_04_0246_000_U3.jpg,,,,,,,,,,
4.0,03_04_0091,U4,Failed,104553.0,03_04_0091_U4_20250408_I.csv,CREOL-A112,4/8/2025,Adipic Acid - 1.24mM,3.0,3.72 pH,03_04_0091_U4_20250416_CV_1.csv,03_04_0091_U4_20250416_CF_1.csv,,03_04_0091_U4_20231121_CV_0.csv,03_04_0091_U4_20231121_CF_0.csv,3.91,03_04_0246_000_U4.jpg,,,,,,,,,,
4.0,03_04_0096,U1,Failed,41758.0,03_04_0096_U1_20250303_I.csv,CREOL-A112,3/3/2025,Succinic 0.388mM,3.0,,03_04_0096_U1_20250314_CV_1.csv,03_04_0096_U1_20250314_CF_1.csv,,03_04_0096_U1_20231121_CV_0.csv,03_04_0096_U1_20231121_CF_0.csv,,03_04_0246_000_U1.jpg,,,,,,,,,,
4.0,03_04_0096,U2,Failed,24979.0,03_04_0096_U2_20250303_I.csv,CREOL-A112,3/3/2025,Succinic 0.388mM,3.0,,03_04_0096_U2_20250314_CV_1.csv,03_04_0096_U2_20250314_CF_1.csv,,03_04_0096_U2_20231121_CV_0.csv,03_04_0096_U2_20231121_CF_0.csv,,03_04_0246_000_U2.jpg,,,,,,,,,,
4.0,03_04_0096,U3,Failed,46061.0,03_04_0096_U3_20250303_I.csv,CREOL-A112,3/3/2025,Succinic 0.388mM,3.0,,03_04_0096_U3_20250314_CV_1.csv,03_04_0096_U3_20250314_CF_1.csv,,03_04_0096_U3_20231121_CV_0.csv,03_04_0096_U3_20231121_CF_0.csv,,03_04_0246_000_U3.jpg,,,,,,,,,,
4.0,03_04_0096,U4,Failed,33626.0,03_04_0096_U4_20250303_I.csv,CREOL-A112,3/3/2025,Succinic 0.388mM,3.0,,03_04_0096_U4_20250314_CV_1.csv,03_04_0096_U4_20250314_CF_1.csv,,03_04_0096_U4_20231121_CV_0.csv,03_04_0096_U4_20231121_CF_0.csv,,03_04_0246_000_U4.jpg,,,,,,,,,,
4.0,03_04_0101,U1,Not started,,,,,,,,,,,03_04_0101_U1_20231121_CV_0.csv,03_04_0101_U1_20231121_CF_0.csv,,03_04_0246_000_U1.jpg,,,,,,,,,,
4.0,03_04_0101,U2,Not started,,,,,,,,,,,03_04_0101_U2_20231121_CV_0.csv,03_04_0101_U2_20231121_CF_0.csv,,03_04_0246_000_U2.jpg,,,,,,,,,,
4.0,03_04_0101,U3,Not started,,,,,,,,,,,03_04_0101_U3_20231121_CV_0.csv,03_04_0101_U3_20231121_CF_0.csv,,03_04_0246_000_U3.jpg,,,,,,,,,,
4.0,03_04_0101,U4,Not started,,,,,,,,,,,03_04_0101_U4_20231121_CV_0.csv,03_04_0101_U4_20231121_CF_0.csv,,03_04_0246_000_U4.jpg,,,,,,,,,,
4.0,03_04_0106,U1,Not started,,,,,,,,,,,03_04_0106_U1_20231121_CV_0.csv,03_04_0106_U1_20231121_CF_0.csv,,03_04_0246_000_U1.jpg,,,,,,,,,,
4.0,03_04_0106,U2,Not started,,,,,,,,,,,03_04_0106_U2_20231121_CV_0.csv,03_04_0106_U2_20231121_CF_0.csv,,03_04_0246_000_U2.jpg,,,,,,,,,,
4.0,03_04_0106,U3,Not started,,,,,,,,,,,03_04_0106_U3_20231121_CV_0.csv,03_04_0106_U3_20231121_CF_0.csv,,03_04_0246_000_U3.jpg,,,,,,,,,,
4.0,03_04_0106,U4,Not started,,,,,,,,,,,03_04_0106_U4_20231121_CV_0.csv,03_04_0106_U4_20231121_CF_0.csv,,03_04_0246_000_U4.jpg,,,,,,,,,,
4.0,03_04_0111,U1,Failed,42194.0,03_04_0111_U1_20250408_I.csv,CREOL-A112,4/8/2025,Adipic Acid - 1.24mM,3.0,4.05 pH,03_04_0111_U1_20250416_CV_1.csv,03_04_0111_U1_20250416_CF_1.csv,,03_04_0111_U1_20231121_CV_0.csv,03_04_0111_U1_20231121_CF_0.csv,4.05,03_04_0246_000_U1.jpg,,,,,,,,,,
4.0,03_04_0111,U2,Failed,36203.0,03_04_0111_U2_20250408_I.csv,CREOL-A112,4/8/2025,Adipic Acid - 1.24mM,3.0,,03_04_0111_U2_20250416_CV_1.csv,03_04_0111_U2_20250416_CF_1.csv,,03_04_0111_U2_20231121_CV_0.csv,03_04_0111_U2_20231121_CF_0.csv,,03_04_0246_000_U2.jpg,,,,,,,,,,
4.0,03_04_0111,U3,Failed,45372.0,03_04_0111_U3_20250408_I.csv,CREOL-A112,4/8/2025,Adipic Acid - 1.24mM,3.0,,03_04_0111_U3_20250416_CV_1.csv,03_04_0111_U3_20250416_CF_1.csv,,03_04_0111_U3_20231121_CV_0.csv,03_04_0111_U3_20231121_CF_0.csv,,03_04_0246_000_U3.jpg,,,,,,,,,,
4.0,03_04_0111,U4,Failed,43714.0,03_04_0111_U4_20250408_I.csv,CREOL-A112,4/8/2025,Adipic Acid - 1.24mM,3.0,3.77 pH,03_04_0111_U4_20250416_CV_1.csv,03_04_0111_U4_20250416_CF_1.csv,,03_04_0111_U4_20231121_CV_0.csv,03_04_0111_U4_20231121_CF_0.csv,4.05,03_04_0246_000_U4.jpg,,,,,,,,,,
4.0,03_04_0126,U1,Not started,,,,,,,,,,,03_04_0126_U1_20231121_CV_0.csv,03_04_0126_U1_20231121_CF_0.csv,,03_04_0246_000_U1.jpg,,,,,,,,,,
4.0,03_04_0126,U2,Not started,,,,,,,,,,,03_04_0126_U2_20231121_CV_0.csv,03_04_0126_U2_20231121_CF_0.csv,,03_04_0246_000_U2.jpg,,,,,,,,,,
4.0,03_04_0126,U3,Not started,,,,,,,,,,,03_04_0126_U3_20231121_CV_0.csv,03_04_0126_U3_20231121_CF_0.csv,,03_04_0246_000_U3.jpg,,,,,,,,,,
4.0,03_04_0126,U4,Not started,,,,,,,,,,,03_04_0126_U4_20231121_CV_0.csv,03_04_0126_U4_20231121_CF_0.csv,,03_04_0246_000_U4.jpg,,,,,,,,,,
4.0,03_04_0131,U1,Failed,33648.0,03_04_0131_U1_20250303_I.csv,CREOL-A112,3/3/2025,Succinic 0.388mM,3.0,,03_04_0131_U1_20250314_CV_1.csv,03_04_0131_U1_20250314_CF_1.csv,,03_04_0131_U1_20231121_CV_0.csv,03_04_0131_U1_20231121_CF_0.csv,,03_04_0246_000_U1.jpg,,,,,,,,,,
4.0,03_04_0131,U2,Failed,33644.0,03_04_0131_U2_20250303_I.csv,CREOL-A112,3/3/2025,Succinic 0.388mM,3.0,,03_04_0131_U2_20250314_CV_1.csv,03_04_0131_U2_20250314_CF_1.csv,,03_04_0131_U2_20231121_CV_0.csv,03_04_0131_U2_20231121_CF_0.csv,,03_04_0246_000_U2.jpg,,,,,,,,,,
4.0,03_04_0131,U3,Failed,33501.0,03_04_0131_U3_20250303_I.csv,CREOL-A112,3/3/2025,Succinic 0.388mM,3.0,,03_04_0131_U3_20250314_CV_1.csv,03_04_0131_U3_20250314_CF_1.csv,,03_04_0131_U3_20231121_CV_0.csv,03_04_0131_U3_20231121_CF_0.csv,,03_04_0246_000_U3.jpg,,,,,,,,,,
4.0,03_04_0131,U4,Failed,75872.0,03_04_0131_U4_20250303_I.csv,CREOL-A112,3/3/2025,Succinic 0.388mM,3.0,,03_04_0131_U4_20250314_CV_1.csv,03_04_0131_U4_20250314_CF_1.csv,,03_04_0131_U4_20231121_CV_0.csv,03_04_0131_U4_20231121_CF_0.csv,,03_04_0246_000_U4.jpg,,,,,,,,,,
4.0,03_04_0136,U1,Not started,,,,,,,,,,,03_04_0136_U1_20231121_CV_0.csv,03_04_0136_U1_20231121_CF_0.csv,,03_04_0246_000_U1.jpg,,,,,,,,,,
4.0,03_04_0136,U2,Not started,,,,,,,,,,,03_04_0136_U2_20231121_CV_0.csv,03_04_0136_U2_20231121_CF_0.csv,,03_04_0246_000_U2.jpg,,,,,,,,,,
4.0,03_04_0136,U3,Not started,,,,,,,,,,,03_04_0136_U3_20231121_CV_0.csv,03_04_0136_U3_20231121_CF_0.csv,,03_04_0246_000_U3.jpg,,,,,,,,,,
4.0,03_04_0136,U4,Not started,,,,,,,,,,,03_04_0136_U4_20231121_CV_0.csv,03_04_0136_U4_20231121_CF_0.csv,,03_04_0246_000_U4.jpg,,,,,,,,,,
4.0,03_04_0141,U1,Failed,105273.0,03_04_0141_U1_20250409_I.csv,CREOL-A112,4/9/2025,Adipic Acid - 1.24mM,3.0,3.94 pH,03_04_0141_U1_20250416_CV_1.csv,03_04_0141_U1_20250416_CF_1.csv,,03_04_0041_U1_20231121_CV_0.csv,03_04_0041_U1_20231121_CF_0.csv,3.94,03_04_0246_000_U1.jpg,,,,,,,,,,
4.0,03_04_0141,U2,Failed,46971.0,03_04_0141_U2_20250409_I.csv,CREOL-A112,4/9/2025,Adipic Acid - 1.24mM,3.0,,03_04_0141_U2_20250416_CV_1.csv,03_04_0141_U2_20250416_CF_1.csv,,03_04_0041_U2_20231121_CV_0.csv,03_04_0041_U2_20231121_CF_0.csv,,03_04_0246_000_U2.jpg,,,,,,,,,,
4.0,03_04_0141,U3,Failed,59677.0,03_04_0141_U3_20250409_I.csv,CREOL-A112,4/9/2025,Adipic Acid - 1.24mM,3.0,,03_04_0141_U3_20250416_CV_1.csv,03_04_0141_U3_20250416_CF_1.csv,,03_04_0041_U3_20231121_CV_0.csv,03_04_0041_U3_20231121_CF_0.csv,,03_04_0246_000_U3.jpg,,,,,,,,,,
4.0,03_04_0141,U4,Failed,66279.0,03_04_0141_U4_20250409_I.csv,CREOL-A112,4/9/2025,Adipic Acid - 1.24mM,3.0,3.66,03_04_0141_U4_20250416_CV_1.csv,03_04_0141_U4_20250416_CF_1.csv,,03_04_0041_U4_20231121_CV_0.csv,03_04_0041_U4_20231121_CF_0.csv,3.94,03_04_0246_000_U4.jpg,,,,,,,,,,
4.0,03_04_0146,U1,Failed,37878.0,03_04_0146_U1_20250303_I.csv,CREOL-A112,3/3/2025,Succinic 0.388mM,3.0,,03_04_0146_U1_20250314_CV_1.csv,03_04_0146_U1_20250314_CF_1.csv,,03_04_0046_U1_20231121_CV_0.csv,03_04_0046_U1_20231121_CF_0.csv,,03_04_0246_000_U1.jpg,,,,,,,,,,
4.0,03_04_0146,U2,Failed,37925.0,03_04_0146_U2_20250303_I.csv,CREOL-A112,3/3/2025,Succinic 0.388mM,3.0,,03_04_0146_U2_20250314_CV_1.csv,03_04_0146_U2_20250314_CF_1.csv,,03_04_0046_U2_20231121_CV_0.csv,03_04_0046_U2_20231121_CF_0.csv,,03_04_0246_000_U2.jpg,,,,,,,,,,
4.0,03_04_0146,U3,Failed,33185.0,03_04_0146_U3_20250303_I.csv,CREOL-A112,3/3/2025,Succinic 0.388mM,3.0,,03_04_0146_U3_20250314_CV_1.csv,03_04_0146_U3_20250314_CF_1.csv,,03_04_0046_U3_20231121_CV_0.csv,03_04_0046_U3_20231121_CF_0.csv,,03_04_0246_000_U3.jpg,,,,,,,,,,
4.0,03_04_0146,U4,Failed,29105.0,03_04_0146_U4_20250303_I.csv,CREOL-A112,3/3/2025,Succinic 0.388mM,3.0,,03_04_0146_U4_20250314_CV_1.csv,03_04_0146_U4_20250314_CF_1.csv,,03_04_0046_U4_20231121_CV_0.csv,03_04_0046_U4_20231121_CF_0.csv,,03_04_0246_000_U4.jpg,,,,,,,,,,
4.0,03_04_0151,U1,Not started,,,,,,,,,,,03_04_0151_U1_20231121_CV_0.csv,03_04_0151_U1_20231121_CF_0.csv,,03_04_0246_000_U1.jpg,,,,,,,,,,
4.0,03_04_0151,U2,Not started,,,,,,,,,,,03_04_0151_U2_20231121_CV_0.csv,03_04_0151_U2_20231121_CF_0.csv,,03_04_0246_000_U2.jpg,,,,,,,,,,
4.0,03_04_0151,U3,Not started,,,,,,,,,,,03_04_0151_U3_20231121_CV_0.csv,03_04_0151_U3_20231121_CF_0.csv,,03_04_0246_000_U3.jpg,,,,,,,,,,
4.0,03_04_0151,U4,Not started,,,,,,,,,,,03_04_0151_U4_20231121_CV_0.csv,03_04_0151_U4_20231121_CF_0.csv,,03_04_0246_000_U4.jpg,,,,,,,,,,
4.0,03_04_0156,U2,Measure/Scanned,26349.0,03_04_0156_U2_20250131_I.csv,CREOL-A112,1/31/2025,Succinic 1.425mM,5.0,,03_04_0156_U2_20250207_CV_1.csv,03_04_0156_U2_20250207_CF_1.csv,,03_04_0156_U2_20231121_CV_0.csv,03_04_0156_U2_20231121_CF_0.csv,,03_04_0246_000_U2.jpg,03_04_0156_001_U2.jpg,7.20153622902906,99.22055017250723,108.54417639360732,71.32734603233354,104.91253506881314,109.44471770357973,75.64619510902939,93.03069086614937,96.6678159604741
4.0,03_04_0156,U3,Measure/Scanned,27421.0,03_04_0156_U3_20250131_I.csv,CREOL-A112,1/31/2025,Succinic 1.425mM,5.0,,03_04_0156_U3_20250207_CV_1.csv,03_04_0156_U3_20250207_CF_1.csv,,03_04_0156_U3_20231121_CV_0.csv,03_04_0156_U3_20231121_CF_0.csv,,03_04_0246_000_U3.jpg,03_04_0156_001_U3.jpg,2.1745784618327932,104.45701226321779,111.43951085395815,74.53809787175206,105.23482437888246,109.85428096350073,75.80728895027123,96.81154032964268,96.96546476421814
4.0,03_04_0156,U4,Measure/Scanned,24414.0,03_04_0156_U4_20250131_i.csv,CREOL-A112,1/31/2025,Succinic 1.425mM,5.0,,03_04_0156_U4_20250207_CV_1.csv,03_04_0156_U4_20250207_CF_1.csv,,03_04_0156_U4_20231121_CV_0.csv,03_04_0156_U4_20231121_CF_0.csv,,03_04_0246_000_U4.jpg,03_04_0156_001_U4.jpg,3.4872371467768914,103.03431269894455,112.0064997277601,74.8045919542637,105.78445610382482,111.02252659899719,76.70967228126482,96.61513479365611,97.8388849946956
4.0,03_04_0156,U1,Measure/Scanned,22807.0,03_04_0156_U1_20250131_I.csv,CREOL-A112,1/31/2025,Succinic 1.425mM,5.0,,03_04_0156_U1_20250207_CV_1.csv,03_04_0156_U1_20250207_CF_1.csv,,03_04_0156_U1_20231121_CV_0.csv,03_04_0156_U1_20231121_CF_0.csv,,03_04_0246_000_U1.jpg,03_04_0156_001_U1.jpg,5.8646490993067415,98.13078011953445,109.50593478032924,71.4404477298941,103.12470151027736,109.17749312831565,74.49773153783578,93.02572087658594,95.59997539214292
4.0,03_04_0161,U1,Failed,73096.0,03_04_0161_U1_20250409_I.csv,CREOL-A112,4/9/2025,Adipic Acid - 1.24mM,3.0,3.66 pH,03_04_0161_U1_20250416_CV_1.csv,03_04_0161_U1_20250416_CF_1.csv,,03_04_0161_U1_20231121_CV_0.csv,03_04_0161_U1_20231121_CF_0.csv,3.66,03_04_0246_000_U1.jpg,,,,,,,,,,
4.0,03_04_0161,U2,Failed,45483.0,03_04_0161_U2_20250409_I.csv,CREOL-A112,4/9/2025,Adipic Acid - 1.24mM,3.0,,03_04_0161_U2_20250416_CV_1.csv,03_04_0161_U2_20250416_CF_1.csv,,03_04_0161_U2_20231121_CV_0.csv,03_04_0161_U2_20231121_CF_0.csv,,03_04_0246_000_U2.jpg,,,,,,,,,,
4.0,03_04_0161,U3,Failed,48479.0,03_04_0161_U3_20250409_I.csv,CREOL-A112,4/9/2025,Adipic Acid - 1.24mM,3.0,,03_04_0161_U3_20250416_CV_1.csv,03_04_0161_U3_20250416_CF_1.csv,,03_04_0161_U3_20231121_CV_0.csv,03_04_0161_U3_20231121_CF_0.csv,,03_04_0246_000_U3.jpg,,,,,,,,,,
4.0,03_04_0161,U4,Failed,47794.0,03_04_0161_U4_20250409_I.csv,CREOL-A112,4/9/2025,Adipic Acid - 1.24mM,3.0,4.09pH,03_04_0161_U4_20250416_CV_1.csv,03_04_0161_U4_20250416_CF_1.csv,,03_04_0161_U4_20231121_CV_0.csv,03_04_0161_U4_20231121_CF_0.csv,3.66,03_04_0246_000_U4.jpg,,,,,,,,,,
4.0,03_04_0166,U2,Measure/Scanned,41550.0,03_04_0166_U2_20250131_I.csv,CREOL-A112,1/31/2025,Succinic 1.425mM,3.0,,,,,03_04_0166_U2_20231121_CV_0.csv,03_04_0166_U2_20231121_CF_0.csv,,03_04_0246_000_U2.jpg,03_04_0166_001_U2.jpg,8.745144704263819,99.22055017250723,108.54417639360732,71.32734603233354,107.21234914702514,108.86102658388089,74.86405509675086,93.03069086614937,96.97914360921897
4.0,03_04_0166,U3,Measure/Scanned,84095.0,03_04_0166_U3_20250131_I.csv,CREOL-A112,1/31/2025,Succinic 1.425mM,3.0,,,,,03_04_0166_U3_20231121_CV_0.csv,03_04_0166_U3_20231121_CF_0.csv,,03_04_0246_000_U3.jpg,03_04_0166_001_U3.jpg,5.007612816235002,104.45701226321779,111.43951085395815,74.53809787175206,107.2416229030745,107.46250228766527,73.31109641887969,96.81154032964268,96.00507386987316
4.0,03_04_0166,U4,Measure/Scanned,41431.0,03_04_0166_U4_20250131_I.csv,CREOL-A112,1/31/2025,Succinic 1.425mM,3.0,,,,,03_04_0166_U4_20231121_CV_0.csv,03_04_0166_U4_20231121_CF_0.csv,,03_04_0246_000_U4.jpg,03_04_0166_001_U4.jpg,5.474758656269526,103.03431269894455,112.0064997277601,74.8045919542637,107.74397496685508,109.3893395430687,73.83374890088997,96.61513479365611,96.98902113693792
4.0,03_04_0166,U1,Measure/Scanned,74956.0,03_04_0166_U1_20250131_I.csv,CREOL-A112,1/31/2025,Succinic 1.425mM,3.0,,,,,03_04_0166_U1_20231121_CV_0.csv,03_04_0166_U1_20231121_CF_0.csv,,03_04_0246_000_U1.jpg,03_04_0166_001_U1.jpg,6.850992455715075,98.13078011953445,109.50593478032924,71.4404477298941,104.7782670812573,107.85158057699452,71.54108018936104,93.02572087658594,94.72364261587096
4.0,03_04_0171,U1,Not started,,,,,,,,,,,03_04_0171_U1_20231121_CV_0.csv,03_04_0171_U1_20231121_CF_0.csv,,03_04_0246_000_U1.jpg,,,,,,,,,,
4.0,03_04_0171,U2,Not started,,,,,,,,,,,03_04_0171_U2_20231121_CV_0.csv,03_04_0171_U2_20231121_CF_0.csv,,03_04_0246_000_U2.jpg,,,,,,,,,,
4.0,03_04_0171,U3,Not started,,,,,,,,,,,03_04_0171_U3_20231121_CV_0.csv,03_04_0171_U3_20231121_CF_0.csv,,03_04_0246_000_U3.jpg,,,,,,,,,,
4.0,03_04_0171,U4,Not started,,,,,,,,,,,03_04_0171_U4_20231121_CV_0.csv,03_04_0171_U4_20231121_CF_0.csv,,03_04_0246_000_U4.jpg,,,,,,,,,,
4.0,03_04_0176,U1,Not started,,,,,,,,,,,03_04_0176_U1_20231121_CV_0.csv,03_04_0176_U1_20231121_CF_0.csv,,03_04_0246_000_U1.jpg,,,,,,,,,,
4.0,03_04_0176,U2,Not started,,,,,,,,,,,03_04_0176_U2_20231121_CV_0.csv,03_04_0176_U2_20231121_CF_0.csv,,03_04_0246_000_U2.jpg,,,,,,,,,,
4.0,03_04_0176,U3,Not started,,,,,,,,,,,03_04_0176_U3_20231121_CV_0.csv,03_04_0176_U3_20231121_CF_0.csv,,03_04_0246_000_U3.jpg,,,,,,,,,,
4.0,03_04_0176,U4,Not started,,,,,,,,,,,03_04_0176_U4_20231121_CV_0.csv,03_04_0176_U4_20231121_CF_0.csv,,03_04_0246_000_U4.jpg,,,,,,,,,,
4.0,03_04_0181,U1,Not started,,,,,,,,,,,03_04_0181_U1_20231121_CV_0.csv,03_04_0181_U1_20231121_CF_0.csv,,03_04_0246_000_U1.jpg,,,,,,,,,,
4.0,03_04_0181,U2,Not started,,,,,,,,,,,03_04_0181_U2_20231121_CV_0.csv,03_04_0181_U2_20231121_CF_0.csv,,03_04_0246_000_U2.jpg,,,,,,,,,,
4.0,03_04_0181,U3,Not started,,,,,,,,,,,03_04_0181_U3_20231121_CV_0.csv,03_04_0181_U3_20231121_CF_0.csv,,03_04_0246_000_U3.jpg,,,,,,,,,,
4.0,03_04_0181,U4,Not started,,,,,,,,,,,03_04_0181_U4_20231121_CV_0.csv,03_04_0181_U4_20231121_CF_0.csv,,03_04_0246_000_U4.jpg,,,,,,,,,,
4.0,03_04_0186,U1,Not started,,,,,,,,,,,03_04_0186_U1_20231121_CV_0.csv,03_04_0186_U1_20231121_CF_0.csv,,03_04_0246_000_U1.jpg,,,,,,,,,,
4.0,03_04_0186,U2,Not started,,,,,,,,,,,03_04_0186_U2_20231121_CV_0.csv,03_04_0186_U2_20231121_CF_0.csv,,03_04_0246_000_U2.jpg,,,,,,,,,,
4.0,03_04_0186,U3,Not started,,,,,,,,,,,03_04_0186_U3_20231121_CV_0.csv,03_04_0186_U3_20231121_CF_0.csv,,03_04_0246_000_U3.jpg,,,,,,,,,,
4.0,03_04_0186,U4,Not started,,,,,,,,,,,03_04_0186_U4_20231121_CV_0.csv,03_04_0186_U4_20231121_CF_0.csv,,03_04_0246_000_U4.jpg,,,,,,,,,,
4.0,03_04_0191,U1,Not started,,,,,,,,,,,03_04_0191_U1_20231121_CV_0.csv,03_04_0191_U1_20231121_CF_0.csv,,03_04_0246_000_U1.jpg,,,,,,,,,,
4.0,03_04_0191,U2,Not started,,,,,,,,,,,03_04_0191_U2_20231121_CV_0.csv,03_04_0191_U2_20231121_CF_0.csv,,03_04_0246_000_U2.jpg,,,,,,,,,,
4.0,03_04_0191,U3,Not started,,,,,,,,,,,03_04_0191_U3_20231121_CV_0.csv,03_04_0191_U3_20231121_CF_0.csv,,03_04_0246_000_U3.jpg,,,,,,,,,,
4.0,03_04_0191,U4,Not started,,,,,,,,,,,03_04_0191_U4_20231121_CV_0.csv,03_04_0191_U4_20231121_CF_0.csv,,03_04_0246_000_U4.jpg,,,,,,,,,,
4.0,03_04_0196,U1,Not started,,,,,,,,,,,03_04_0196_U1_20231121_CV_0.csv,03_04_0196_U1_20231121_CF_0.csv,,03_04_0246_000_U1.jpg,,,,,,,,,,
4.0,03_04_0196,U2,Not started,,,,,,,,,,,03_04_0196_U2_20231121_CV_0.csv,03_04_0196_U2_20231121_CF_0.csv,,03_04_0246_000_U2.jpg,,,,,,,,,,
4.0,03_04_0196,U3,Not started,,,,,,,,,,,03_04_0196_U3_20231121_CV_0.csv,03_04_0196_U3_20231121_CF_0.csv,,03_04_0246_000_U3.jpg,,,,,,,,,,
4.0,03_04_0196,U4,Not started,,,,,,,,,,,03_04_0196_U4_20231121_CV_0.csv,03_04_0196_U4_20231121_CF_0.csv,,03_04_0246_000_U4.jpg,,,,,,,,,,
4.0,03_04_0201,U1,Not started,,,,,,,,,,,03_04_0201_U1_20231121_CV_0.csv,03_04_0201_U1_20231121_CF_0.csv,,03_04_0246_000_U1.jpg,,,,,,,,,,
4.0,03_04_0201,U2,Not started,,,,,,,,,,,03_04_0201_U2_20231121_CV_0.csv,03_04_0201_U2_20231121_CF_0.csv,,03_04_0246_000_U2.jpg,,,,,,,,,,
4.0,03_04_0201,U3,Not started,,,,,,,,,,,03_04_0201_U3_20231121_CV_0.csv,03_04_0201_U3_20231121_CF_0.csv,,03_04_0246_000_U3.jpg,,,,,,,,,,
4.0,03_04_0201,U4,Not started,,,,,,,,,,,03_04_0201_U4_20231121_CV_0.csv,03_04_0201_U4_20231121_CF_0.csv,,03_04_0246_000_U4.jpg,,,,,,,,,,
4.0,03_04_0206,U1,Not started,,,,,,,,,,,03_04_0206_U1_20231121_CV_0.csv,03_04_0206_U1_20231121_CF_0.csv,,03_04_0246_000_U1.jpg,,,,,,,,,,
4.0,03_04_0206,U2,Not started,,,,,,,,,,,03_04_0206_U2_20231121_CV_0.csv,03_04_0206_U2_20231121_CF_0.csv,,03_04_0246_000_U2.jpg,,,,,,,,,,
4.0,03_04_0206,U3,Not started,,,,,,,,,,,03_04_0206_U3_20231121_CV_0.csv,03_04_0206_U3_20231121_CF_0.csv,,03_04_0246_000_U3.jpg,,,,,,,,,,
4.0,03_04_0206,U4,Not started,,,,,,,,,,,03_04_0206_U4_20231121_CV_0.csv,03_04_0206_U4_20231121_CF_0.csv,,03_04_0246_000_U4.jpg,,,,,,,,,,
,03_04_0211,U1,Not started,,,,,,,,,,,03_04_0211_U1_20231121_CV_0.csv,03_04_0211_U1_20231121_CF_0.csv,,,,,,,,,,,,
,03_04_0211,U2,Not started,,,,,,,,,,,03_04_0211_U2_20231121_CV_0.csv,03_04_0211_U2_20231121_CF_0.csv,,,,,,,,,,,,
,03_04_0211,U3,Not started,,,,,,,,,,,03_04_0211_U3_20231121_CV_0.csv,03_04_0211_U3_20231121_CF_0.csv,,,,,,,,,,,,
,03_04_0211,U4,Not started,,,,,,,,,,,03_04_0211_U4_20231121_CV_0.csv,03_04_0211_U4_20231121_CF_0.csv,,,,,,,,,,,,
4.0,03_04_0216,U1,Failed,79750.0,03_04_0216_U1_20250210_I.csv,CREOL-A112,2/10/2025,DI Water,3.0,,03_04_0216_U1_20250314_CV_1.csv,03_04_0216_U1_20250314_CF_1.csv,,03_04_0216_U1_20231121_CV_0.csv,03_04_0216_U1_20231121_CF_0.csv,,03_04_0246_000_U1.jpg,,,,,,,,,,
4.0,03_04_0216,U2,Failed,80432.0,03_04_0216_U2_20250210_I.csv,CREOL-A112,2/10/2025,DI Water,3.0,,03_04_0216_U2_20250314_CV_1.csv,03_04_0216_U2_20250314_CF_1.csv,,03_04_0216_U2_20231121_CV_0.csv,03_04_0216_U2_20231121_CF_0.csv,,03_04_0246_000_U2.jpg,,,,,,,,,,
4.0,03_04_0216,U3,Failed,80638.0,03_04_0216_U3_20250210_I.csv,CREOL-A112,2/10/2025,DI Water,3.0,,03_04_0216_U3_20250314_CV_1.csv,03_04_0216_U3_20250314_CF_1.csv,,03_04_0216_U3_20231121_CV_0.csv,03_04_0216_U3_20231121_CF_0.csv,,03_04_0246_000_U3.jpg,,,,,,,,,,
4.0,03_04_0216,U4,Failed,131002.0,03_04_0216_U4_20250210_I.csv,CREOL-A112,2/10/2025,DI Water,3.0,,03_04_0216_U4_20250314_CV_1.csv,03_04_0216_U4_20250314_CF_1.csv,,03_04_0216_U4_20231121_CV_0.csv,03_04_0216_U4_20231121_CF_0.csv,,03_04_0246_000_U4.jpg,,,,,,,,,,
4.0,03_04_0221,U1,Failed,67359.0,03_04_0221_U1_20250210_I.CSV,CREOL-A112,2/10/2025,DI Water,3.0,,03_04_0221_U1_20250314_CV_1.csv,03_04_0221_U1_20250314_CF_1.csv,,03_04_0221_U1_20231121_CV_0.csv,03_04_0221_U1_20231121_CF_0.csv,,03_04_0246_000_U1.jpg,,,,,,,,,,
4.0,03_04_0221,U2,Failed,88749.0,03_04_0221_U2_20250210_I.CSV,CREOL-A112,2/10/2025,DI Water,3.0,,03_04_0221_U2_20250314_CV_1.csv,03_04_0221_U2_20250314_CF_1.csv,,03_04_0221_U2_20231121_CV_0.csv,03_04_0221_U2_20231121_CF_0.csv,,03_04_0246_000_U2.jpg,,,,,,,,,,
4.0,03_04_0221,U3,Failed,71510.0,03_04_0221_U3_20250210_I.CSV,CREOL-A112,2/10/2025,DI Water,3.0,,03_04_0221_U3_20250314_CV_1.csv,03_04_0221_U3_20250314_CF_1.csv,,03_04_0221_U3_20231121_CV_0.csv,03_04_0221_U3_20231121_CF_0.csv,,03_04_0246_000_U3.jpg,,,,,,,,,,
4.0,03_04_0221,U4,Failed,113797.0,03_04_0221_U4_20250210_I.CSV,CREOL-A112,2/10/2025,DI Water,3.0,,03_04_0221_U4_20250314_CV_1.csv,03_04_0221_U4_20250314_CF_1.csv,,03_04_0221_U4_20231121_CV_0.csv,03_04_0221_U4_20231121_CF_0.csv,,03_04_0246_000_U4.jpg,,,,,,,,,,
4.0,03_04_0226,U1,Failed,63381.0,03_04_0226_U1_20250210_I.CSV,CREOL-A112,2/10/2025,DI Water,3.0,,03_04_0226_U1_20250314_CV_1.csv,03_04_0226_U1_20250314_CF_1.csv,,03_04_0226_U1_20231121_CV_0.csv,03_04_0226_U1_20231121_CF_0.csv,,03_04_0246_000_U1.jpg,,,,,,,,,,
4.0,03_04_0226,U2,Failed,54598.0,03_04_0226_U2_20250210_I.CSV,CREOL-A112,2/10/2025,DI Water,3.0,,03_04_0226_U2_20250314_CV_1.csv,03_04_0226_U2_20250314_CF_1.csv,,03_04_0226_U2_20231121_CV_0.csv,03_04_0226_U2_20231121_CF_0.csv,,03_04_0246_000_U2.jpg,,,,,,,,,,
4.0,03_04_0226,U3,Failed,67021.0,03_04_0226_U3_20250210_I.CSV,CREOL-A112,2/10/2025,DI Water,3.0,,03_04_0226_U3_20250314_CV_1.csv,03_04_0226_U3_20250314_CF_1.csv,,03_04_0226_U3_20231121_CV_0.csv,03_04_0226_U3_20231121_CF_0.csv,,03_04_0246_000_U3.jpg,,,,,,,,,,
4.0,03_04_0226,U4,Failed,134281.0,03_04_0226_U4_20250210_I.CSV,CREOL-A112,2/10/2025,DI Water,3.0,,03_04_0226_U4_20250314_CV_1.csv,03_04_0226_U4_20250314_CF_1.csv,,03_04_0226_U4_20231121_CV_0.csv,03_04_0226_U4_20231121_CF_0.csv,,03_04_0246_000_U4.jpg,,,,,,,,,,
4.0,03_04_0231,U1,Failed,46589.0,03_04_0231_U1_20250210_I.CSV,CREOL-A112,2/10/2025,DI Water,3.0,,03_04_0231_U1_20250314_CV_1.csv,03_04_0231_U1_20250314_CF_1.csv,,03_04_0231_U1_20231121_CV_0.csv,03_04_0231_U1_20231121_CF_0.csv,,03_04_0246_000_U1.jpg,,,,,,,,,,
4.0,03_04_0231,U2,Failed,46617.0,03_04_0231_U2_20250210_I.CSV,CREOL-A112,2/10/2025,DI Water,3.0,,03_04_0231_U2_20250314_CV_1.csv,03_04_0231_U2_20250314_CF_1.csv,,03_04_0231_U2_20231121_CV_0.csv,03_04_0231_U2_20231121_CF_0.csv,,03_04_0246_000_U2.jpg,,,,,,,,,,
4.0,03_04_0231,U3,Failed,50003.0,03_04_0231_U3_20250210_I.CSV,CREOL-A112,2/10/2025,DI Water,3.0,,03_04_0231_U3_20250314_CV_1.csv,03_04_0231_U3_20250314_CF_1.csv,,03_04_0231_U3_20231121_CV_0.csv,03_04_0231_U3_20231121_CF_0.csv,,03_04_0246_000_U3.jpg,,,,,,,,,,
4.0,03_04_0231,U4,Failed,75898.0,03_04_0231_U4_20250210_I.CSV,CREOL-A112,2/10/2025,DI Water,3.0,,03_04_0231_U4_20250314_CV_1.csv,03_04_0231_U4_20250314_CF_1.csv,,03_04_0231_U4_20231121_CV_0.csv,03_04_0231_U4_20231121_CF_0.csv,,03_04_0246_000_U4.jpg,,,,,,,,,,
4.0,03_04_0236,U1,Failed,67651.0,03_04_0236_U1_20250210_I.CSV,CREOL-A112,2/10/2025,DI Water,3.0,,03_04_0236_U1_20250314_CV_1.csv,03_04_0236_U1_20250314_CF_1.csv,,03_04_0236_U1_20231121_CV_0.csv,03_04_0236_U1_20231121_CF_0.csv,,03_04_0246_000_U1.jpg,,,,,,,,,,
4.0,03_04_0236,U2,Failed,67885.0,03_04_0236_U2_20250210_I.CSV,CREOL-A112,2/10/2025,DI Water,3.0,,03_04_0236_U2_20250314_CV_1.csv,03_04_0236_U2_20250314_CF_1.csv,,03_04_0236_U2_20231121_CV_0.csv,03_04_0236_U2_20231121_CF_0.csv,,03_04_0246_000_U2.jpg,,,,,,,,,,
4.0,03_04_0236,U3,Failed,63632.0,03_04_0236_U3_20250210_I.CSV,CREOL-A112,2/10/2025,DI Water,3.0,,03_04_0236_U3_20250314_CV_1.csv,03_04_0236_U3_20250314_CF_1.csv,,03_04_0236_U3_20231121_CV_0.csv,03_04_0236_U3_20231121_CF_0.csv,,03_04_0246_000_U3.jpg,,,,,,,,,,
4.0,03_04_0236,U4,Failed,55116.0,03_04_0236_U4_20250210_I.CSV,CREOL-A112,2/10/2025,DI Water,3.0,,03_04_0236_U4_20250314_CV_1.csv,03_04_0236_U4_20250314_CF_1.csv,,03_04_0236_U4_20231121_CV_0.csv,03_04_0236_U4_20231121_CF_0.csv,,03_04_0246_000_U4.jpg,,,,,,,,,,
4.0,03_04_0241,U1,Not started,,,,,,,,,,,03_04_0241_U1_20231121_CV_0.csv,03_04_0241_U1_20231121_CF_0.csv,,03_04_0246_000_U1.jpg,,,,,,,,,,
4.0,03_04_0241,U2,Not started,,,,,,,,,,,03_04_0241_U2_20231121_CV_0.csv,03_04_0241_U2_20231121_CF_0.csv,,03_04_0246_000_U2.jpg,,,,,,,,,,
4.0,03_04_0241,U3,Not started,,,,,,,,,,,03_04_0241_U3_20231121_CV_0.csv,03_04_0241_U3_20231121_CF_0.csv,,03_04_0246_000_U3.jpg,,,,,,,,,,
4.0,03_04_0241,U4,Not started,,,,,,,,,,,03_04_0241_U4_20231121_CV_0.csv,03_04_0241_U4_20231121_CF_0.csv,,03_04_0246_000_U4.jpg,,,,,,,,,,
4.0,03_04_0246,U1,Not started,,,,,,,,,,,03_04_0246_U1_20231121_CV_0.csv,03_04_0246_U1_20231121_CF_0.csv,,03_04_0246_000_U1.jpg,,,,,,,,,,
4.0,03_04_0246,U2,Not started,,,,,,,,,,,03_04_0246_U2_20231121_CV_0.csv,03_04_0246_U2_20231121_CF_0.csv,,03_04_0246_000_U2.jpg,,,,,,,,,,
4.0,03_04_0246,U3,Not started,,,,,,,,,,,03_04_0246_U3_20231121_CV_0.csv,03_04_0246_U3_20231121_CF_0.csv,,03_04_0246_000_U3.jpg,,,,,,,,,,
4.0,03_04_0246,U4,Not started,,,,,,,,,,,03_04_0246_U4_20231121_CV_0.csv,03_04_0246_U4_20231121_CF_0.csv,,03_04_0246_000_U4.jpg,,,,,,,,,,
7.0,03_07_0001,U1,Measure/Scanned,1954760.0,0.005,CREOL-A112,9/27/2024,DI Water,5.0,,,,,03_07_0001_U1_20231121_CV_0.csv,03_07_0001_U1_20231121_CF_0.csv,,03_07_0246_000_U1.jpg,03_07_0001_001_U1.jpg,32.967966537704314,129.7567174766395,94.55356380936126,21.38956031061996,103.81112185331908,77.70238319813872,32.7803722830074,81.89994719887358,71.43129244482174
7.0,03_07_0001,U2,Measure/Scanned,1494140.0,0.005,CREOL-A112,9/27/2024,DI Water,5.0,,,,,03_07_0001_U2_20231121_CV_0.csv,03_07_0001_U2_20231121_CF_0.csv,,03_07_0246_000_U2.jpg,03_07_0001_001_U2.jpg,55.98814388451798,129.34160982554556,94.15945262531608,22.039995962686724,85.29096619490709,59.730703469127114,25.0189694268512,81.84701947118279,56.680213030295135
7.0,03_07_0001,U3,Measure/Scanned,1242583.0,0.005,CREOL-A112,9/27/2024,DI Water,5.0,,,,,03_07_0001_U3_20231121_CV_0.csv,03_07_0001_U3_20231121_CF_0.csv,,03_07_0246_000_U3.jpg,03_07_0001_001_U3.jpg,16.3239198383686,132.6553011080098,94.8282346908568,23.367570096422227,128.79422503822332,99.24563930135531,38.600724299670894,83.61703529842963,88.88019621308318
7.0,03_07_0001,U4,Measure/Scanned,792048.0,0.005,CREOL-A112,9/27/2024,DI Water,5.0,,,,,03_07_0001_U4_20231121_CV_0.csv,03_07_0001_U4_20231121_CF_0.csv,,03_07_0246_000_U4.jpg,03_07_0001_001_U4.jpg,11.963218682136242,131.2440973643443,93.22613428528499,22.722346857885984,127.88637238208698,97.10189626363618,33.53080434576583,82.39752616917175,86.17302433049633
7.0,03_07_0006,U1,Measure/Scanned,1229225.0,0.005,CREOL-A112,10/2/2024,DI Water,5.0,,03_07_0006_U1_20241015_CV_1.csv,03_07_0006_U1_20241015_CF_1.csv,,03_07_0006_U1_20231121_CV_0.csv,03_07_0006_U1_20231121_CF_0.csv,,03_07_0246_000_U1.jpg,03_07_0006_001_U1.jpg,8.346201854162263,129.7567174766395,94.55356380936126,21.38956031061996,124.55764461103037,94.5638381396772,27.918620056605217,81.89994719887358,82.34670093577093
7.0,03_07_0006,U2,Measure/Scanned,1902304.0,0.005,CREOL-A112,10/2/2024,DI Water,5.0,,03_07_0006_U2_20241015_CV_1.csv,03_07_0006_U2_20241015_CF_1.csv,,03_07_0006_U2_20231121_CV_0.csv,03_07_0006_U2_20231121_CF_0.csv,,03_07_0246_000_U2.jpg,03_07_0006_001_U2.jpg,14.65442342791289,129.34160982554556,94.15945262531608,22.039995962686724,126.0238172032541,97.83202776979888,35.83334834447403,81.84701947118279,86.56306443917566
7.0,03_07_0006,U3,Measure/Scanned,854331.0,0.005,CREOL-A112,10/2/2024,DI Water,5.0,,03_07_0006_U3_20241015_CV_1.csv,03_07_0006_U3_20241015_CF_1.csv,,03_07_0006_U3_20231121_CV_0.csv,03_07_0006_U3_20231121_CF_0.csv,,03_07_0246_000_U3.jpg,03_07_0006_001_U3.jpg,10.426513162168622,132.6553011080098,94.8282346908568,23.367570096422227,123.41802641661442,90.0945631203225,22.37899209803405,83.61703529842963,78.630527211657
7.0,03_07_0006,U4,Measure/Scanned,263943.0,0.0051,CREOL-A112,10/2/2024,DI Water,5.0,,03_07_0006_U4_20241015_CV_1.csv,03_07_0006_U4_20241015_CF_1.csv,,03_07_0006_U4_20231121_CV_0.csv,03_07_0006_U4_20231121_CF_0.csv,,03_07_0246_000_U4.jpg,03_07_0006_001_U4.jpg,4.265624513282321,131.2440973643443,93.22613428528499,22.722346857885984,127.85782786671162,91.92776413826509,20.4766918667876,82.39752616917175,80.08742795725477
7.0,03_07_0011,U1,Failed,96962.0,03_07_0011_U1_20250409_I.csv,CREOL-A112,4/9/2025,Adipic Acid - 1.24mM,3.0,4.01 pH,03_07_0011_U1_20250416_CV_1.csv,03_07_0011_U1_20250416_CF_1.csv,,03_07_0011_U1_20231121_CV_0.csv,03_07_0011_U1_20231121_CF_0.csv,4.01,03_07_0246_000_U1.jpg,,,,,,,,,,
7.0,03_07_0011,U2,Failed,91074.0,03_07_0011_U2_20250409_I.csv,CREOL-A112,4/9/2025,Adipic Acid - 1.24mM,3.0,,03_07_0011_U2_20250416_CV_1.csv,03_07_0011_U2_20250416_CF_1.csv,,03_07_0011_U2_20231121_CV_0.csv,03_07_0011_U2_20231121_CF_0.csv,,03_07_0246_000_U2.jpg,,,,,,,,,,
7.0,03_07_0011,U3,Failed,98225.0,03_07_0011_U3_20250409_I.csv,CREOL-A112,4/9/2025,Adipic Acid - 1.24mM,3.0,,03_07_0011_U3_20250416_CV_1.csv,03_07_0011_U3_20250416_CF_1.csv,,03_07_0011_U3_20231121_CV_0.csv,03_07_0011_U3_20231121_CF_0.csv,,03_07_0246_000_U3.jpg,,,,,,,,,,
7.0,03_07_0011,U4,Failed,126875.0,03_07_0011_U4_20250409_I.csv,CREOL-A112,4/9/2025,Adipic Acid - 1.24mM,3.0,4.00 pH,03_07_0011_U4_20250416_CV_1.csv,03_07_0011_U4_20250416_CF_1.csv,,03_07_0011_U4_20231121_CV_0.csv,03_07_0011_U4_20231121_CF_0.csv,4.01,03_07_0246_000_U4.jpg,,,,,,,,,,
7.0,03_07_0016,U1,Not started,,,,,,,,,,,03_07_0016_U1_20231121_CV_0.csv,03_07_0016_U1_20231121_CF_0.csv,,03_07_0246_000_U1.jpg,,,,,,,,,,
7.0,03_07_0016,U2,Not started,,,,,,,,,,,03_07_0016_U2_20231121_CV_0.csv,03_07_0016_U2_20231121_CF_0.csv,,03_07_0246_000_U2.jpg,,,,,,,,,,
7.0,03_07_0016,U3,Not started,,,,,,,,,,,03_07_0016_U3_20231121_CV_0.csv,03_07_0016_U3_20231121_CF_0.csv,,03_07_0246_000_U3.jpg,,,,,,,,,,
7.0,03_07_0016,U4,Not started,,,,,,,,,,,03_07_0016_U4_20231121_CV_0.csv,03_07_0016_U4_20231121_CF_0.csv,,03_07_0246_000_U4.jpg,,,,,,,,,,
7.0,03_07_0021,U2,Measure/Scanned,125513.0,0.0064,CREOL-A112,1/9/2025,Succinic 3.6mM,3.0,,03_07_0021_U2_20250117_CV_1.csv,03_07_0021_U2_20250117_CF_1.csv,,03_07_0021_U2_20231121_CV_0.csv,03_07_0021_U2_20231121_CF_0.csv,,03_07_0246_000_U2.jpg,,,,,,,,,,
7.0,03_07_0021,U3,Measure/Scanned,107146.0,0.0088,CREOL-A112,1/9/2025,Succinic 3.6mM,3.0,,03_07_0021_U3_20250117_CV_1.csv,03_07_0021_U3_20250117_CF_1.csv,,03_07_0021_U3_20231121_CV_0.csv,03_07_0021_U3_20231121_CF_0.csv,,03_07_0246_000_U3.jpg,,,,,,,,,,
7.0,03_07_0021,U4,Measure/Scanned,146969.0,0.0051,CREOL-A112,1/9/2025,Succinic 3.6mM,3.0,,03_07_0021_U4_20250117_CV_1.csv,03_07_0021_U4_20250117_CF_1.csv,,03_07_0021_U4_20231121_CV_0.csv,03_07_0021_U4_20231121_CF_0.csv,,03_07_0246_000_U4.jpg,,,,,,,,,,
7.0,03_07_0021,U1,Measure/Scanned,157654.0,0.0055,CREOL-A112,1/9/2025,Succinic 3.6mM,3.0,,03_07_0021_U1_20250117_CV_1.csv,03_07_0021_U1_20250117_CF_1.csv,,03_07_0021_U1_20231121_CV_0.csv,03_07_0021_U1_20231121_CF_0.csv,,03_07_0246_000_U1.jpg,,,,,,,,,,
7.0,03_07_0026,U2,Measure/Scanned,1575286.0,0.005,CREOL-A112,10/16/2024,DI Water,5.0,,,,,03_07_0026_U2_20231121_CV_0.csv,03_07_0026_U2_20231121_CF_0.csv,,03_07_0246_000_U2.jpg,03_07_0026_001_U2.jpg,21.764590394027724,129.34160982554556,94.15945262531608,22.039995962686724,139.65688561979215,106.49828777260302,36.70443006416199,81.84701947118279,94.28653448551906
7.0,03_07_0026,U3,Measure/Scanned,1693190.0,0.0052,CREOL-A112,10/16/2024,DI Water,5.0,,,,,03_07_0026_U3_20231121_CV_0.csv,03_07_0026_U3_20231121_CF_0.csv,,03_07_0246_000_U3.jpg,03_07_0026_001_U3.jpg,28.199614263323245,132.6553011080098,94.8282346908568,23.367570096422227,145.35762796352583,111.56003951367781,42.180221276595745,83.61703529842963,99.69929625126645
7.0,03_07_0026,U4,Measure/Scanned,2265659.0,0.0051,CREOL-A112,10/16/2024,DI Water,5.0,,,,,03_07_0026_U4_20231121_CV_0.csv,03_07_0026_U4_20231121_CF_0.csv,,03_07_0246_000_U4.jpg,03_07_0026_001_U4.jpg,25.505408131025803,131.2440973643443,93.22613428528499,22.722346857885984,137.11496698853097,106.11775820217214,43.93236257149503,82.39752616917175,95.72169592073271
7.0,03_07_0026,U1,Measure/Scanned,931004.0,0.0051,CREOL-A112,10/16/2024,DI Water,5.0,,,,,03_07_0026_U1_20231121_CV_0.csv,03_07_0026_U1_20231121_CF_0.csv,,03_07_0246_000_U1.jpg,03_07_0026_001_U1.jpg,20.555700443441793,129.7567174766395,94.55356380936126,21.38956031061996,136.30463230098917,105.09297598720364,37.778044777437586,81.89994719887358,93.0585510218768
7.0,03_07_0031,U1,Failed,55060.0,03_07_0031_U1_20250409_I.csv,CREOL-A112,4/9/2025,Adipic Acid - 1.24mM,5.0,4.00 pH,03_07_0031_U1_20250416_CV_1.csv,03_07_0031_U1_20250416_CF_1.csv,,03_07_0031_U1_20231121_CV_0.csv,03_07_0031_U1_20231121_CF_0.csv,4.0,03_07_0246_000_U1.jpg,,,,,,,,,,
7.0,03_07_0031,U2,Failed,46606.0,03_07_0031_U2_20250409_I.csv,CREOL-A112,4/9/2025,Adipic Acid - 1.24mM,5.0,,03_07_0031_U2_20250416_CV_1.csv,03_07_0031_U2_20250416_CF_1.csv,,03_07_0031_U2_20231121_CV_0.csv,03_07_0031_U2_20231121_CF_0.csv,,03_07_0246_000_U2.jpg,,,,,,,,,,
7.0,03_07_0031,U3,Failed,13272.0,03_07_0031_U3_20250409_I.csv,CREOL-A112,4/9/2025,Adipic Acid - 1.24mM,5.0,,03_07_0031_U3_20250416_CV_1.csv,03_07_0031_U3_20250416_CF_1.csv,,03_07_0031_U3_20231121_CV_0.csv,03_07_0031_U3_20231121_CF_0.csv,,03_07_0246_000_U3.jpg,,,,,,,,,,
7.0,03_07_0031,U4,Failed,13266.0,03_07_0031_U4_20250409_I.csv,CREOL-A112,4/9/2025,Adipic Acid - 1.24mM,5.0,,03_07_0031_U4_20250416_CV_1.csv,03_07_0031_U4_20250416_CF_1.csv,,03_07_0031_U4_20231121_CV_0.csv,03_07_0031_U4_20231121_CF_0.csv,,03_07_0246_000_U4.jpg,,,,,,,,,,
7.0,03_07_0036,U1,Not started,,,,,,,,,,,03_07_0036_U1_20231121_CV_0.csv,03_07_0036_U1_20231121_CF_0.csv,,03_07_0246_000_U1.jpg,,,,,,,,,,
7.0,03_07_0036,U2,Not started,,,,,,,,,,,03_07_0036_U2_20231121_CV_0.csv,03_07_0036_U2_20231121_CF_0.csv,,03_07_0246_000_U2.jpg,,,,,,,,,,
7.0,03_07_0036,U3,Not started,,,,,,,,,,,03_07_0036_U3_20231121_CV_0.csv,03_07_0036_U3_20231121_CF_0.csv,,03_07_0246_000_U3.jpg,,,,,,,,,,
7.0,03_07_0036,U4,Not started,,,,,,,,,,,03_07_0036_U4_20231121_CV_0.csv,03_07_0036_U4_20231121_CF_0.csv,,03_07_0246_000_U4.jpg,,,,,,,,,,
7.0,03_07_0041,U1,Measure/Scanned,50687.0,03_07_0041_U1_20250131_I.csv,CREOL-A112,1/31/2025,Succinic 1.425mM,5.0,,03_07_0041_U1_20250207_CV_1.csv,03_07_0041_U1_20250207_CF_1.csv,,03_07_0041_U1_20231121_CV_0.csv,03_07_0041_U1_20231121_CF_0.csv,,03_07_0246_000_U1.jpg,03_07_0041_001_U1.jpg,12.164960161506631,129.7567174766395,94.55356380936126,21.38956031061996,135.04093264248704,100.41314144956377,30.64853842326874,81.89994719887358,88.70087083843985
7.0,03_07_0041,U2,Measure/Scanned,21014.0,03_07_0041_U2_20250131_I.csv,CREOL-A112,1/31/2025,Succinic 1.425mM,5.0,,03_07_0041_U2_20250207_CV_1.csv,03_07_0041_U2_20250207_CF_1.csv,,03_07_0041_U2_20231121_CV_0.csv,03_07_0041_U2_20231121_CF_0.csv,,03_07_0246_000_U2.jpg,03_07_0041_001_U2.jpg,7.635174015628646,129.34160982554556,94.15945262531608,22.039995962686724,133.75026670587008,98.59665921842351,26.418445963609667,81.84701947118279,86.25512396263441
7.0,03_07_0041,U3,Measure/Scanned,21157.0,03_07_0041_U3_20250131_I.csv,CREOL-A112,1/31/2025,Succinic 1.425mM,5.0,,03_07_0041_U3_20250207_CV_1.csv,03_07_0041_U3_20250207_CF_1.csv,,03_07_0041_U3_20231121_CV_0.csv,03_07_0041_U3_20231121_CF_0.csv,,03_07_0246_000_U3.jpg,03_07_0041_001_U3.jpg,1.296692639732727,132.6553011080098,94.8282346908568,23.367570096422227,132.16868604047244,94.13642555207171,24.350432087485093,83.61703529842963,83.5518478933431
7.0,03_07_0041,U4,Measure/Scanned,21178.0,03_07_0041_U4_20250131_I.csv,CREOL-A112,1/31/2025,Succinic 1.425mM,5.0,,03_07_0041_U4_20250207_CV_1.csv,03_07_0041_U4_20250207_CF_1.csv,,03_07_0041_U4_20231121_CV_0.csv,03_07_0041_U4_20231121_CF_0.csv,,03_07_0246_000_U4.jpg,03_07_0041_001_U4.jpg,5.834587107998069,131.2440973643443,93.22613428528499,22.722346857885984,134.02224647087743,96.39748301316855,26.75556412315173,82.39752616917175,85.7250978690659
7.0,03_07_0046,U2,Measure/Scanned,1710319.0,0.0051,CREOL-A112,10/23/2024,DI Water,5.0,,03_07_0046_U2_20241028_CV_1.csv,03_07_0046_U2_20241028_CF_1.csv,,03_07_0046_U2_20231121_CV_0.csv,03_07_0046_U2_20231121_CF_0.csv,,03_07_0246_000_U2.jpg,03_07_0046_001_U2.jpg,18.94539419533957,129.34160982554556,94.15945262531608,22.039995962686724,137.533571729275,104.47113575914791,35.65942738738651,81.84701947118279,92.55471162526982
7.0,03_07_0046,U3,Measure/Scanned,723617.0,0.005,CREOL-A112,10/23/2024,DI Water,5.0,,03_07_0046_U3_20241028_CV_1.csv,03_07_0046_U3_20241028_CF_1.csv,,03_07_0046_U3_20231121_CV_0.csv,03_07_0046_U3_20231121_CF_0.csv,,03_07_0246_000_U3.jpg,03_07_0046_001_U3.jpg,2.2555364386456405,132.6553011080098,94.8282346908568,23.367570096422227,134.13187246411917,96.35296978138436,24.130698237752075,83.61703529842963,84.87184682775187
7.0,03_07_0046,U4,Measure/Scanned,598129.0,0.0054,CREOL-A112,10/23/2024,DI Water,5.0,,03_07_0046_U4_20241028_CV_2.csv,03_07_0046_U4_20241028_CF_1.csv,,03_07_0046_U4_20231121_CV_0.csv,03_07_0046_U4_20231121_CF_0.csv,,03_07_0246_000_U4.jpg,03_07_0046_001_U4.jpg,9.449187923955508,131.2440973643443,93.22613428528499,22.722346857885984,137.5846540036005,99.53146199594798,25.776415682872777,82.39752616917175,87.63084389414041
7.0,03_07_0046,U1,Measure/Scanned,995075.0,0.0052,CREOL-A112,10/23/2024,DI Water,5.0,This board was dipped in water and dried because the Gbip wasn’t working,03_07_0046_U1_20241028_CV_1.csv,03_07_0046_U1_20241028_CF_1.csv,,03_07_0046_U1_20231121_CV_0.csv,03_07_0046_U1_20231121_CF_0.csv,,03_07_0246_000_U1.jpg,03_07_0046_001_U1.jpg,13.464068122043367,129.7567174766395,94.55356380936126,21.38956031061996,136.60947262817257,102.64211144484342,29.689938276513878,81.89994719887358,89.64717411650996
7.0,03_07_0051,U1,Failed,10299.0,03_07_0051_U1_20250411_I.csv,CREOL-A112,4/11/2025,Adipic Acid - 1.24mM,5.0,4.00pH 2nd 15418  3rd 22223,03_07_0051_U1_20250416_CV_1.csv,03_07_0051_U1_20250416_CF_1.csv,,03_07_0051_U1_20231121_CV_0.csv,03_07_0051_U1_20231121_CF_0.csv,4.0,03_07_0246_000_U1.jpg,,,,,,,,,,
7.0,03_07_0051,U2,Failed,10294.0,03_07_0051_U2_20250411_I.csv,CREOL-A112,4/11/2025,Adipic Acid - 1.24mM,5.0,,03_07_0051_U2_20250416_CV_1.csv,03_07_0051_U2_20250416_CF_1.csv,,03_07_0051_U2_20231121_CV_0.csv,03_07_0051_U2_20231121_CF_0.csv,,03_07_0246_000_U2.jpg,,,,,,,,,,
7.0,03_07_0051,U3,Failed,10290.0,03_07_0051_U3_20250411_I.csv,CREOL-A112,4/11/2025,Adipic Acid - 1.24mM,5.0,,03_07_0051_U3_20250416_CV_1.csv,03_07_0051_U3_20250416_CF_1.csv,,03_07_0051_U3_20231121_CV_0.csv,03_07_0051_U3_20231121_CF_0.csv,,03_07_0246_000_U3.jpg,,,,,,,,,,
7.0,03_07_0051,U4,Failed,10298.0,03_07_0051_U4_20250411_I.csv,CREOL-A112,4/11/2025,Adipic Acid - 1.24mM,5.0,4.21ph,03_07_0051_U4_20250416_CV_1.csv,03_07_0051_U4_20250416_CF_1.csv,,03_07_0051_U4_20231121_CV_0.csv,03_07_0051_U4_20231121_CF_0.csv,4.0,03_07_0246_000_U4.jpg,,,,,,,,,,
7.0,03_07_0056,U1,Not started,,,,,,,,,,,03_07_0056_U1_20231121_CV_0.csv,03_07_0056_U1_20231121_CF_0.csv,,03_07_0246_000_U1.jpg,,,,,,,,,,
7.0,03_07_0056,U2,Not started,,,,,,,,,,,03_07_0056_U2_20231121_CV_0.csv,03_07_0056_U2_20231121_CF_0.csv,,03_07_0246_000_U2.jpg,,,,,,,,,,
7.0,03_07_0056,U3,Not started,,,,,,,,,,,03_07_0056_U3_20231121_CV_0.csv,03_07_0056_U3_20231121_CF_0.csv,,03_07_0246_000_U3.jpg,,,,,,,,,,
7.0,03_07_0056,U4,Not started,,,,,,,,,,,03_07_0056_U4_20231121_CV_0.csv,03_07_0056_U4_20231121_CF_0.csv,,03_07_0246_000_U4.jpg,,,,,,,,,,
7.0,03_07_0061,U1,Measure/Scanned,83917.0,03_07_0061_U1_20250131_I.csv,CREOL-A112,1/31/2025,Succinic 1.425mM,3.0,,03_07_0061_U1_20250416_CV_1.csv,03_07_0061_U1_20250416_CF_1.csv,,03_07_0061_U1_20231121_CV_0.csv,03_07_0061_U1_20231121_CF_0.csv,,03_07_0246_000_U1.jpg,03_07_0061_001_U1.jpg,10.431863229257727,129.7567174766395,94.55356380936126,21.38956031061996,125.08645993860043,92.54754947761828,30.499355668539394,81.89994719887358,82.71112169491937
7.0,03_07_0061,U2,Measure/Scanned,63169.0,03_07_0061_U2_20250131_I.csv,CREOL-A112,1/31/2025,Succinic 1.425mM,3.0,,03_07_0061_U2_20250416_CV_1.csv,03_07_0061_U2_20250416_CF_1.csv,,03_07_0061_U2_20231121_CV_0.csv,03_07_0061_U2_20231121_CF_0.csv,,03_07_0246_000_U2.jpg,03_07_0061_001_U2.jpg,19.507193953006038,129.34160982554556,94.15945262531608,22.039995962686724,113.90267273393592,82.27970517756543,23.060504649164805,81.84701947118279,73.0809608535554
7.0,03_07_0061,U3,Measure/Scanned,88663.0,03_07_0061_U3_20250131_I.csv,CREOL-A112,1/31/2025,Succinic 1.425mM,3.0,,03_07_0061_U3_20250416_CV_1.csv,03_07_0061_U3_20250416_CF_1.csv,,03_07_0061_U3_20231121_CV_0.csv,03_07_0061_U3_20231121_CF_0.csv,,03_07_0246_000_U3.jpg,03_07_0061_001_U3.jpg,21.871293893119404,132.6553011080098,94.8282346908568,23.367570096422227,115.69670079444465,81.29659547762859,20.600963480552455,83.61703529842963,72.5314199175419
7.0,03_07_0061,U4,Measure/Scanned,67389.0,03_07_0061_U4_20250131_I.csv,CREOL-A112,1/31/2025,Succinic 1.425mM,3.0,,03_07_0061_U4_20250416_CV_1.csv,03_07_0061_U4_20250416_CF_1.csv,,03_07_0061_U4_20231121_CV_0.csv,03_07_0061_U4_20231121_CF_0.csv,,03_07_0246_000_U4.jpg,03_07_0061_001_U4.jpg,12.615967556166536,131.2440973643443,93.22613428528499,22.722346857885984,121.05375626593515,86.8843631562131,26.608414873604488,82.39752616917175,78.18217809858425
7.0,03_07_0066,U2,Measure/Scanned,1975187.0,0.0052,CREOL-A112,10/23/2024,DI Water,5.0,resumed the next day,03_07_0066_U2_20241028_CV_1.csv,03_07_0066_U2_20241028_CF_1.csv,,03_07_0066_U2_20231121_CV_0.csv,03_07_0066_U2_20231121_CF_0.csv,,03_07_0246_000_U2.jpg,03_07_0066_001_U2.jpg,34.557223348953336,129.34160982554556,94.15945262531608,22.039995962686724,141.82621564067804,111.63179517699022,49.114957624472375,81.84701947118279,100.85765614738021
7.0,03_07_0066,U3,Measure/Scanned,90183.0,0.0051,CREOL-A112,10/23/2024,DI Water,5.0,,03_07_0066_U3_20241028_CV_1.csv,03_07_0066_U3_20241028_CF_1.csv,,03_07_0066_U3_20231121_CV_0.csv,03_07_0066_U3_20231121_CF_0.csv,,03_07_0246_000_U3.jpg,03_07_0066_001_U3.jpg,4.477288244640154,132.6553011080098,94.8282346908568,23.367570096422227,135.2799664654594,97.44877263581489,25.87556185598439,83.61703529842963,86.20143365241957
7.0,03_07_0066,U4,Measure/Scanned,585134.0,0.0051,,10/23/2024,DI Water,5.0,,03_07_0066_U4_20241028_CV_1.csv,03_07_0066_U4_20241028_CF_1.csv,,03_07_0066_U4_20231121_CV_0.csv,03_07_0066_U4_20231121_CF_0.csv,,03_07_0246_000_U4.jpg,03_07_0066_001_U4.jpg,1.7940730985580602,131.2440973643443,93.22613428528499,22.722346857885984,129.69823222429906,92.3163956635514,22.759426392523366,82.39752616917175,81.59135142679128
7.0,03_07_0066,U1,Measure/Scanned,2378820.0,0.005,CREOL-A112,10/23/2024,DI Water,5.0,,03_07_0066_U1_20241028_CV_1.csv,03_07_0066_U1_20241028_CF_1.csv,,03_07_0066_U1_20231121_CV_0.csv,03_07_0066_U1_20231121_CF_0.csv,,03_07_0246_000_U1.jpg,03_07_0066_001_U1.jpg,18.04781855655361,129.7567174766395,94.55356380936126,21.38956031061996,134.1314584430098,102.42270372114932,37.031236473235865,81.89994719887358,91.19513287913166
7.0,03_07_0071,U1,Failed,94593.0,03_07_0071_U1_20250414_I.csv,CREOL-A112,4/14/2025,Adipic Acid - 0.712mM,5.0,start 4.18pH,03_07_0071_U1_20250416_CV_1.csv,03_07_0071_U1_20250416_CF_1.csv,,03_07_0071_U1_20231121_CV_0.csv,03_07_0071_U1_20231121_CF_0.csv,4.18,03_07_0246_000_U1.jpg,,,,,,,,,,
7.0,03_07_0071,U2,Failed,70059.0,03_07_0071_U2_20250414_I.csv,CREOL-A112,4/14/2025,Adipic Acid - 0.712mM,5.0,,03_07_0071_U2_20250416_CV_1.csv,03_07_0071_U2_20250416_CF_1.csv,,03_07_0071_U2_20231121_CV_0.csv,03_07_0071_U2_20231121_CF_0.csv,,03_07_0246_000_U2.jpg,,,,,,,,,,
7.0,03_07_0071,U3,Failed,43482.0,03_07_0071_U3_20250414_I.csv,CREOL-A112,4/14/2025,Adipic Acid - 0.712mM,5.0,,03_07_0071_U3_20250416_CV_1.csv,03_07_0071_U3_20250416_CF_1.csv,,03_07_0071_U3_20231121_CV_0.csv,03_07_0071_U3_20231121_CF_0.csv,,03_07_0246_000_U3.jpg,,,,,,,,,,
7.0,03_07_0071,U4,Failed,63586.0,03_07_0071_U4_20250414_I.csv,CREOL-A112,4/14/2025,Adipic Acid - 0.712mM,5.0,end 3.93,03_07_0071_U4_20250416_CV_1.csv,03_07_0071_U4_20250416_CF_1.csv,,03_07_0071_U4_20231121_CV_0.csv,03_07_0071_U4_20231121_CF_0.csv,4.18,03_07_0246_000_U4.jpg,,,,,,,,,,
7.0,03_07_0076,U1,Not started,,,,,,,,,,,03_07_0076_U1_20231121_CV_0.csv,03_07_0076_U1_20231121_CF_0.csv,,03_07_0246_000_U1.jpg,,,,,,,,,,
7.0,03_07_0076,U2,Not started,,,,,,,,,,,03_07_0076_U2_20231121_CV_0.csv,03_07_0076_U2_20231121_CF_0.csv,,03_07_0246_000_U2.jpg,,,,,,,,,,
7.0,03_07_0076,U3,Not started,,,,,,,,,,,03_07_0076_U3_20231121_CV_0.csv,03_07_0076_U3_20231121_CF_0.csv,,03_07_0246_000_U3.jpg,,,,,,,,,,
7.0,03_07_0076,U4,Not started,,,,,,,,,,,03_07_0076_U4_20231121_CV_0.csv,03_07_0076_U4_20231121_CF_0.csv,,03_07_0246_000_U4.jpg,,,,,,,,,,
7.0,03_07_0081,U1,Failed,49727.0,03_07_0081_U1_20250303_I.csv,CREOL-A112,3/3/2025,Succinic 0.388mM,5.0,,03_07_0081_U1_20250314_CV_1.csv,03_07_0081_U1_20250314_CF_1.csv,,03_07_0081_U1_20231121_CV_0.csv,03_07_0081_U1_20231121_CF_0.csv,,03_07_0246_000_U1.jpg,,,,,,,,,,
7.0,03_07_0081,U2,Failed,49496.0,03_07_0081_U2_20250303_I.csv,CREOL-A112,3/3/2025,Succinic 0.388mM,5.0,,03_07_0081_U2_20250314_CV_1.csv,03_07_0081_U2_20250314_CF_1.csv,,03_07_0081_U2_20231121_CV_0.csv,03_07_0081_U2_20231121_CF_0.csv,,03_07_0246_000_U2.jpg,,,,,,,,,,
7.0,03_07_0081,U3,Failed,45402.0,03_07_0081_U3_20250303_I.csv,CREOL-A112,3/3/2025,Succinic 0.388mM,5.0,,03_07_0081_U3_20250314_CV_1.csv,03_07_0081_U3_20250314_CF_1.csv,,03_07_0081_U3_20231121_CV_0.csv,03_07_0081_U3_20231121_CF_0.csv,,03_07_0246_000_U3.jpg,,,,,,,,,,
7.0,03_07_0081,U4,Failed,45484.0,03_07_0081_U4_20250303_I.csv,CREOL-A112,3/3/2025,Succinic 0.388mM,5.0,,03_07_0081_U4_20250314_CV_1.csv,03_07_0081_U4_20250314_CF_1.csv,,03_07_0081_U4_20231121_CV_0.csv,03_07_0081_U4_20231121_CF_0.csv,,03_07_0246_000_U4.jpg,,,,,,,,,,
7.0,03_07_0086,U2,Measure/Scanned,223685.0,0.0051,CREOL-A112,11/20/2024,DI Water,5.0,dendrites appeared immediately when voltage was apply,03_07_0086_U2_20241216_CV_1.csv,03_07_0086_U2_20241216_CF_1.csv,,03_07_0086_U2_20231121_CV_0.csv,03_07_0086_U2_20231121_CF_0.csv,,03_07_0246_000_U2.jpg,03_07_0086_001_U2.jpg,33.19298402731325,129.34160982554556,94.15945262531608,22.039995962686724,136.2313928051895,108.86155675443278,50.990871826941515,81.84701947118279,98.69460712885461
7.0,03_07_0086,U3,Measure/Scanned,556140.0,0.0051,CREOL-A112,12/11/2024,DI Water,5.0,,03_07_0086_U3_20241216_CV_1.csv,03_07_0086_U3_20241216_CF_1.csv,,03_07_0086_U3_20231121_CV_0.csv,03_07_0086_U3_20231121_CF_0.csv,,03_07_0246_000_U3.jpg,03_07_0086_001_U3.jpg,18.747623159468365,132.6553011080098,94.8282346908568,23.367570096422227,126.3537408015569,97.74278781244298,40.78219303046889,83.61703529842963,88.29290721482293
7.0,03_07_0086,U4,Measure/Scanned,857253.0,0.005,CREOL-A112,12/11/2024,DI Water,5.0,,03_07_0086_U4_20241216_CV_1.csv,03_07_0086_U4_20241216_CF_1.csv,,03_07_0086_U4_20231121_CV_0.csv,03_07_0086_U4_20231121_CF_0.csv,,03_07_0246_000_U4.jpg,03_07_0086_001_U4.jpg,26.331199596095566,131.2440973643443,93.22613428528499,22.722346857885984,109.05431538252728,82.17870721979769,31.604914223326602,82.39752616917175,74.2793122752172
7.0,03_07_0086,U1,Measure/Scanned,1973651.0,0.0051,CREOL-A112,11/12/2024,DI Water,5.0,,03_07_0086_U1_20241216_CV_1.csv,03_07_0086_U1_20241216_CF_1.csv,,03_07_0086_U1_20231121_CV_0.csv,03_07_0086_U1_20231121_CF_0.csv,,03_07_0246_000_U1.jpg,03_07_0086_001_U1.jpg,57.25232654510569,129.7567174766395,94.55356380936126,21.38956031061996,83.05050600580591,61.49485826371749,23.255221725670484,81.89994719887358,55.933528665064635
7.0,03_07_0091,U1,Failed,100286.0,03_07_0091_U1_20250506_i.csv,R1-379,5/6/2025,Adipic Acid - 0.388mM,5.0,4.21,,03_07_0091_U1_20250508_CF_1.csv,,03_07_0091_U1_20231121_CV_0.csv,03_07_0091_U1_20231121_CF_0.csv,4.21,03_07_0246_000_U1.jpg,,,,,,,,,,
7.0,03_07_0091,U2,Failed,83166.0,03_07_0091_U2_20250506_i.csv,R1-379,5/6/2025,Adipic Acid - 0.388mM,5.0,,,03_07_0091_U2_20250508_CF_1.csv,,03_07_0091_U2_20231121_CV_0.csv,03_07_0091_U2_20231121_CF_0.csv,,03_07_0246_000_U2.jpg,,,,,,,,,,
7.0,03_07_0091,U3,Failed,61409.0,03_07_0091_U3_20250506_i.csv,R1-379,5/6/2025,Adipic Acid - 0.388mM,5.0,,,03_07_0091_U3_20250508_CF_1.csv,,03_07_0091_U3_20231121_CV_0.csv,03_07_0091_U3_20231121_CF_0.csv,,03_07_0246_000_U3.jpg,,,,,,,,,,
7.0,03_07_0091,U4,Failed,87743.0,03_07_0091_U4_20250506_i.csv,R1-379,5/6/2025,Adipic Acid - 0.388mM,5.0,4.35,,03_07_0091_U4_20250508_CF_1.csv,,03_07_0091_U4_20231121_CV_0.csv,03_07_0091_U4_20231121_CF_0.csv,4.21,03_07_0246_000_U4.jpg,,,,,,,,,,
7.0,03_07_0096,U1,Not started,,,,,,,,,,,03_07_0096_U1_20231121_CV_0.csv,03_07_0096_U1_20231121_CF_0.csv,,03_07_0246_000_U1.jpg,,,,,,,,,,
7.0,03_07_0096,U2,Not started,,,,,,,,,,,03_07_0096_U2_20231121_CV_0.csv,03_07_0096_U2_20231121_CF_0.csv,,03_07_0246_000_U2.jpg,,,,,,,,,,
7.0,03_07_0096,U3,Not started,,,,,,,,,,,03_07_0096_U3_20231121_CV_0.csv,03_07_0096_U3_20231121_CF_0.csv,,03_07_0246_000_U3.jpg,,,,,,,,,,
7.0,03_07_0096,U4,Not started,,,,,,,,,,,03_07_0096_U4_20231121_CV_0.csv,03_07_0096_U4_20231121_CF_0.csv,,03_07_0246_000_U4.jpg,,,,,,,,,,
7.0,03_07_0101,U1,Failed,54222.0,03_07_0101_U1_20250303_I.csv,CREOL-A112,3/3/2025,Succinic 0.388mM,5.0,,03_07_0101_U1_20250314_CV_1.csv,03_07_0101_U1_20250314_CF_1.csv,,03_07_0101_U1_20231121_CV_0.csv,03_07_0101_U1_20231121_CF_0.csv,,03_07_0246_000_U1.jpg,03_07_0101_001_U1.jpg,41.15592184211249,129.7567174766395,94.55356380936126,21.38956031061996,145.81815196171968,116.53259074696531,52.25641307910973,81.89994719887358,104.86905192926491
7.0,03_07_0101,U2,Failed,37282.0,03_07_0101_U2_20250303_I.csv,CREOL-A112,3/3/2025,Succinic 0.388mM,5.0,,03_07_0101_U2_20250314_CV_1.csv,03_07_0101_U2_20250314_CF_1.csv,,03_07_0101_U2_20231121_CV_0.csv,03_07_0101_U2_20231121_CF_0.csv,,03_07_0246_000_U2.jpg,03_07_0101_001_U2.jpg,45.974241644263316,129.34160982554556,94.15945262531608,22.039995962686724,148.25108362843514,119.39220809559413,55.496994432963476,81.84701947118279,107.71342871899758
7.0,03_07_0101,U3,Failed,37337.0,03_07_0101_U3_20250303_I.csv,CREOL-A112,3/3/2025,Succinic 0.388mM,5.0,,03_07_0101_U3_20250314_CV_1.csv,03_07_0101_U3_20250314_CF_1.csv,,03_07_0101_U3_20231121_CV_0.csv,03_07_0101_U3_20231121_CF_0.csv,,03_07_0246_000_U3.jpg,03_07_0101_001_U3.jpg,46.57466721610937,132.6553011080098,94.8282346908568,23.367570096422227,150.43685526206653,120.31965500560925,58.05479322676673,83.61703529842963,109.60376783148082
7.0,03_07_0101,U4,Failed,33161.0,03_07_0101_U4_20250303_I.csv,CREOL-A112,3/3/2025,Succinic 0.388mM,5.0,,03_07_0101_U4_20250314_CV_1.csv,03_07_0101_U4_20250314_CF_1.csv,,03_07_0101_U4_20231121_CV_0.csv,03_07_0101_U4_20231121_CF_0.csv,,03_07_0246_000_U4.jpg,03_07_0101_001_U4.jpg,47.232171541427995,131.2440973643443,93.22613428528499,22.722346857885984,150.79473267834805,120.22024443755487,56.18828034889785,82.39752616917175,109.06775248826693
7.0,03_07_0106,U2,Measure/Scanned,635276.0,0.0053,CREOL-A112,12/11/2024,DI Water,5.0,,03_07_0106_U2_20241216_CV_1.csv,03_07_0106_U2_20241216_CF_1.csv,,03_07_0106_U2_20231121_CV_0.csv,03_07_0106_U2_20231121_CF_0.csv,,03_07_0246_000_U2.jpg,03_07_0106_001_U2.jpg,37.035353848353154,129.34160982554556,94.15945262531608,22.039995962686724,99.65509892898095,72.02028593037156,22.471045280441093,81.84701947118279,64.71547671326454
7.0,03_07_0106,U3,Measure/Scanned,1163750.0,0.0051,CREOL-A112,11/20/2024,DI Water,5.0,,03_07_0106_U3_20241216_CV_1.csv,03_07_0106_U3_20241216_CF_1.csv,,03_07_0106_U3_20231121_CV_0.csv,03_07_0106_U3_20231121_CF_0.csv,,03_07_0246_000_U3.jpg,03_07_0106_001_U3.jpg,35.98125164391622,132.6553011080098,94.8282346908568,23.367570096422227,134.8571932701652,108.77377247327503,56.46325133624879,83.61703529842963,100.03140569322967
7.0,03_07_0106,U4,Measure/Scanned,2094708.0,0.005,CREOL-A112,11/13/2024,DI Water,5.0,,03_07_0106_U4_20241216_CV_1.csv,03_07_0106_U4_20241216_CF_1.csv,,03_07_0106_U4_20231121_CV_0.csv,03_07_0106_U4_20231121_CF_0.csv,,03_07_0246_000_U4.jpg,03_07_0106_001_U4.jpg,30.333240824154704,131.2440973643443,93.22613428528499,22.722346857885984,106.38346169653866,77.46252926144994,30.04102499955326,82.39752616917175,71.29567198584728
7.0,03_07_0106,U1,Measure/Scanned,487494.0,0.0051,CREOL-A112,12/11/2024,DI Water,5.0,,03_07_0106_U1_20241216_CV_1.csv,03_07_0106_U1_20241216_CF_1.csv,,03_07_0106_U1_20231121_CV_0.csv,03_07_0106_U1_20231121_CF_0.csv,,03_07_0246_000_U1.jpg,03_07_0106_001_U1.jpg,25.27560440437581,129.7567174766395,94.55356380936126,21.38956031061996,109.56947102174595,79.39512801263935,22.635787726683937,81.89994719887358,70.53346225368973
7.0,03_07_0111,U1,Failed,73593.0,03_07_0111_U1_20250418_i.csv,R1-379,5/6/2025,Adipic Acid - 0.388mM,5.0,4.17 end,,03_07_0111_U1_20250508_CF_1.csv,,03_07_0111_U1_20231121_CV_0.csv,03_07_0111_U1_20231121_CF_0.csv,4.35,03_07_0246_000_U1.jpg,,,,,,,,,,
7.0,03_07_0111,U2,Failed,116684.0,03_07_0111_U2_20250418_i.csv,R1-379,5/6/2025,Adipic Acid - 0.388mM,5.0,,,03_07_0111_U2_20250508_CF_1.csv,,03_07_0111_U2_20231121_CV_0.csv,03_07_0111_U2_20231121_CF_0.csv,,03_07_0246_000_U2.jpg,,,,,,,,,,
7.0,03_07_0111,U3,Failed,77959.0,03_07_0111_U3_20250418_i.csv,R1-379,5/6/2025,Adipic Acid - 0.388mM,5.0,,,03_07_0111_U3_20250508_CF_1.csv,,03_07_0111_U3_20231121_CV_0.csv,03_07_0111_U3_20231121_CF_0.csv,,03_07_0246_000_U3.jpg,,,,,,,,,,
7.0,03_07_0111,U4,Failed,97458.0,03_07_0111_U4_20250418_i.csv,R1-379,5/6/2025,Adipic Acid - 0.388mM,5.0,4.35 start,,03_07_0111_U4_20250508_CF_1.csv,,03_07_0111_U4_20231121_CV_0.csv,03_07_0111_U4_20231121_CF_0.csv,4.35,03_07_0246_000_U4.jpg,,,,,,,,,,
7.0,03_07_0126,U1,Not started,,,,,,,,,,,03_07_0126_U1_20231121_CV_0.csv,03_07_0126_U1_20231121_CF_0.csv,,03_07_0246_000_U1.jpg,,,,,,,,,,
7.0,03_07_0126,U2,Not started,,,,,,,,,,,03_07_0126_U2_20231121_CV_0.csv,03_07_0126_U2_20231121_CF_0.csv,,03_07_0246_000_U2.jpg,,,,,,,,,,
7.0,03_07_0126,U3,Not started,,,,,,,,,,,03_07_0126_U3_20231121_CV_0.csv,03_07_0126_U3_20231121_CF_0.csv,,03_07_0246_000_U3.jpg,,,,,,,,,,
7.0,03_07_0126,U4,Not started,,,,,,,,,,,03_07_0126_U4_20231121_CV_0.csv,03_07_0126_U4_20231121_CF_0.csv,,03_07_0246_000_U4.jpg,,,,,,,,,,
7.0,03_07_0131,U1,Failed,37207.0,03_07_0131_U1_20250303_I.csv,CREOL-A112,3/3/2025,Succinic 0.388mM,5.0,,03_07_0131_U1_20250314_CV_1.csv,03_07_0131_U1_20250314_CF_1.csv,,03_07_0131_U1_20231121_CV_0.csv,03_07_0131_U1_20231121_CF_0.csv,,03_07_0246_000_U1.jpg,,,,,,,,,,
7.0,03_07_0131,U2,Failed,33119.0,03_07_0131_U2_20250303_I.csv,CREOL-A112,3/3/2025,Succinic 0.388mM,5.0,,03_07_0131_U2_20250314_CV_1.csv,03_07_0131_U2_20250314_CF_1.csv,,03_07_0131_U2_20231121_CV_0.csv,03_07_0131_U2_20231121_CF_0.csv,,03_07_0246_000_U2.jpg,,,,,,,,,,
7.0,03_07_0131,U3,Failed,33240.0,03_07_0131_U3_20250303_I.csv,CREOL-A112,3/3/2025,Succinic 0.388mM,5.0,,03_07_0131_U3_20250314_CV_1.csv,03_07_0131_U3_20250314_CF_1.csv,,03_07_0131_U3_20231121_CV_0.csv,03_07_0131_U3_20231121_CF_0.csv,,03_07_0246_000_U3.jpg,,,,,,,,,,
7.0,03_07_0131,U4,Failed,41340.0,03_07_0131_U4_20250303_I.csv,CREOL-A112,3/3/2025,Succinic 0.388mM,5.0,,03_07_0131_U4_20250314_CV_1.csv,03_07_0131_U4_20250314_CF_1.csv,,03_07_0131_U4_20231121_CV_0.csv,03_07_0131_U4_20231121_CF_0.csv,,03_07_0246_000_U4.jpg,,,,,,,,,,
7.0,03_07_0136,U1,Measure/Scanned,388049.0,0.005,CREOL-A112,1/10/2025,DI Water,5.0,,03_07_0136_U1_20250117_CV_1.csv,03_07_0136_U1_20250117_CF_1.csv,,03_07_0136_U1_20231121_CV_0.csv,03_07_0136_U1_20231121_CF_0.csv,,03_07_0246_000_U1.jpg,03_07_0136_001_U1.jpg,36.80503018886375,129.7567174766395,94.55356380936126,21.38956031061996,99.75765698498313,76.63568798202186,32.94881386165693,81.89994719887358,69.78071960955397
7.0,03_07_0136,U2,Measure/Scanned,1721806.0,0.0051,CREOL-A112,12/11/2024,DI Water,5.0,,03_07_0136_U2_20250117_CV_1.csv,03_07_0136_U2_20250117_CF_1.csv,,03_07_0136_U2_20231121_CV_0.csv,03_07_0136_U2_20231121_CF_0.csv,,03_07_0246_000_U2.jpg,03_07_0136_001_U2.jpg,42.523900133089185,129.34160982554556,94.15945262531608,22.039995962686724,94.2347918857929,71.69086663751007,30.463537995737354,81.84701947118279,65.46306550634677
7.0,03_07_0136,U3,Measure/Scanned,655932.0,0.005,CREOL-A112,12/11/2024,DI Water,5.0,,03_07_0136_U3_20250117_CV_1.csv,03_07_0136_U3_20250117_CF_1.csv,,03_07_0136_U3_20231121_CV_0.csv,03_07_0136_U3_20231121_CF_0.csv,,03_07_0246_000_U3.jpg,03_07_0136_001_U3.jpg,55.01877404859713,132.6553011080098,94.8282346908568,23.367570096422227,87.79255349124416,63.056373686324584,25.592030119362363,83.61703529842963,58.81365243231037
7.0,03_07_0136,U4,Measure/Scanned,2284711.0,0.0051,CREOL-A112,11/20/2024,DI Water,5.0,paused to dry,03_07_0136_U4_20250117_CV_1.csv,03_07_0136_U4_20250117_CF_1.csv,,03_07_0136_U4_20231121_CV_0.csv,03_07_0136_U4_20231121_CF_0.csv,,03_07_0246_000_U4.jpg,03_07_0136_001_U4.jpg,34.991832264309096,131.2440973643443,93.22613428528499,22.722346857885984,102.12467285566144,74.5257506390043,27.897585304429413,82.39752616917175,68.18266959969839
7.0,03_07_0141,U1,Failed,103739.0,03_07_0141_U1_20250418_i.csv,R1-379,5/6/2025,Adipic Acid - 0.388mM,5.0,4.17 start,,03_07_0141_U1_20250508_CF_1.csv,,03_07_0141_U1_20231121_CV_0.csv,03_07_0141_U1_20231121_CF_0.csv,4.17,03_07_0246_000_U1.jpg,,,,,,,,,,
7.0,03_07_0141,U2,Failed,81167.0,03_07_0141_U2_20250418_i.csv,R1-379,5/6/2025,Adipic Acid - 0.388mM,5.0,,,03_07_0141_U2_20250508_CF_1.csv,,03_07_0141_U2_20231121_CV_0.csv,03_07_0141_U2_20231121_CF_0.csv,,03_07_0246_000_U2.jpg,,,,,,,,,,
7.0,03_07_0141,U3,Failed,77429.0,03_07_0141_U3_20250418_i.csv,R1-379,5/6/2025,Adipic Acid - 0.388mM,5.0,,,03_07_0141_U3_20250508_CF_1.csv,,03_07_0141_U3_20231121_CV_0.csv,03_07_0141_U3_20231121_CF_0.csv,,03_07_0246_000_U3.jpg,,,,,,,,,,
7.0,03_07_0141,U4,Failed,83587.0,03_07_0141_U4_20250418_i.csv,R1-379,5/6/2025,Adipic Acid - 0.388mM,5.0,4.40 end,,03_07_0141_U4_20250508_CF_1.csv,,03_07_0141_U4_20231121_CV_0.csv,03_07_0141_U4_20231121_CF_0.csv,4.17,03_07_0246_000_U4.jpg,,,,,,,,,,
7.0,03_07_0146,U1,Not started,,,,,,,,,,,03_07_0146_U1_20231121_CV_0.csv,03_07_0146_U1_20231121_CF_0.csv,,03_07_0246_000_U1.jpg,,,,,,,,,,
7.0,03_07_0146,U2,Not started,,,,,,,,,,,03_07_0146_U2_20231121_CV_0.csv,03_07_0146_U2_20231121_CF_0.csv,,03_07_0246_000_U2.jpg,,,,,,,,,,
7.0,03_07_0146,U3,Not started,,,,,,,,,,,03_07_0146_U3_20231121_CV_0.csv,03_07_0146_U3_20231121_CF_0.csv,,03_07_0246_000_U3.jpg,,,,,,,,,,
7.0,03_07_0146,U4,Not started,,,,,,,,,,,03_07_0146_U4_20231121_CV_0.csv,03_07_0146_U4_20231121_CF_0.csv,,03_07_0246_000_U4.jpg,,,,,,,,,,
7.0,03_07_0151,U1,Failed,392784.0,03_07_0151_U1_20250304_I.csv,CREOL-A112,3/4/2025,Succinic 0.388mM,5.0,3.94pH,03_07_0151_U1_20250314_CV_1.csv,03_07_0151_U1_20250314_CF_1.csv,,03_07_0151_U1_20231121_CV_0.csv,03_07_0151_U1_20231121_CF_0.csv,3.94,03_07_0246_000_U1.jpg,,,,,,,,,,
7.0,03_07_0151,U2,Failed,261727.0,03_07_0151_U2_20250304_I.csv,CREOL-A112,3/4/2025,Succinic 0.388mM,5.0,,03_07_0151_U2_20250314_CV_1.csv,03_07_0151_U2_20250314_CF_1.csv,,03_07_0151_U2_20231121_CV_0.csv,03_07_0151_U2_20231121_CF_0.csv,,03_07_0246_000_U2.jpg,,,,,,,,,,
7.0,03_07_0151,U3,Failed,188688.0,03_07_0151_U3_20250304_I.csv,CREOL-A112,3/4/2025,Succinic 0.388mM,5.0,,03_07_0151_U3_20250314_CV_1.csv,03_07_0151_U3_20250314_CF_1.csv,,03_07_0151_U3_20231121_CV_0.csv,03_07_0151_U3_20231121_CF_0.csv,,03_07_0246_000_U3.jpg,,,,,,,,,,
7.0,03_07_0151,U4,Failed,88991.0,03_07_0151_U4_20250304_I.csv,CREOL-A112,3/4/2025,Succinic 0.388mM,5.0,3.78pH,03_07_0151_U4_20250314_CV_1.csv,03_07_0151_U4_20250314_CF_1.csv,,03_07_0151_U4_20231121_CV_0.csv,03_07_0151_U4_20231121_CF_0.csv,3.94,03_07_0246_000_U4.jpg,,,,,,,,,,
7.0,03_07_0156,U2,Measure/Scanned,1073306.0,0.005,CREOL-A112,12/10/2024,DI Water,5.0,,03_07_0156_U2_20241216_CV_1.csv,03_07_0156_U2_20241216_CF_1.csv,,03_07_0156_U2_20231121_CV_0.csv,03_07_0156_U2_20231121_CF_0.csv,,03_07_0246_000_U2.jpg,03_07_0156_001_U2.jpg,10.688886717905582,129.34160982554556,94.15945262531608,22.039995962686724,122.78274120372649,93.99254848135206,30.478342049252692,81.84701947118279,82.41787724477707
7.0,03_07_0156,U3,Measure/Scanned,948312.0,0.0051,CREOL-A112,12/10/2024,DI Water,5.0,,03_07_0156_U3_20241216_CV_1.csv,03_07_0156_U3_20241216_CF_1.csv,,03_07_0156_U3_20231121_CV_0.csv,03_07_0156_U3_20231121_CF_0.csv,,03_07_0246_000_U3.jpg,03_07_0156_001_U3.jpg,10.783573067424971,132.6553011080098,94.8282346908568,23.367570096422227,123.11140108595579,89.9639065894367,24.607623559489546,83.61703529842963,79.22764374496067
7.0,03_07_0156,U4,Measure/Scanned,825256.0,0.0051,CREOL-A112,12/10/2024,DI Water,5.0,,03_07_0156_U4_20241216_CV_1.csv,03_07_0156_U4_20241216_CF_1.csv,,03_07_0156_U4_20231121_CV_0.csv,03_07_0156_U4_20231121_CF_0.csv,,03_07_0246_000_U4.jpg,03_07_0156_001_U4.jpg,7.086567220018932,131.2440973643443,93.22613428528499,22.722346857885984,127.63383988655103,94.83768507251912,28.60353551053518,82.39752616917175,83.69168682320178
7.0,03_07_0156,U1,Measure/Scanned,2123121.0,0.0051,CREOL-A112,11/20/2024,DI Water,5.0,Dried after failure,03_07_0156_U1_20241216_CV_1.csv,03_07_0156_U1_20241216_CF_1.csv,,03_07_0156_U1_20231121_CV_0.csv,03_07_0156_U1_20231121_CF_0.csv,,03_07_0246_000_U1.jpg,03_07_0156_001_U1.jpg,38.68996760073439,129.7567174766395,94.55356380936126,21.38956031061996,97.70567510497021,74.05277316668294,28.41535982814178,81.89994719887358,66.72460269993165
7.0,03_07_0161,U1,Failed,200602.0,03_07_0161_U1_20250418_i.csv,R1-379,5/6/2025,Adipic Acid - 0.388mM,5.0,4.40 start,,03_07_0161_U1_20250508_CF_1.csv,,03_07_0161_U1_20231121_CV_0.csv,03_07_0161_U1_20231121_CF_0.csv,4.4,03_07_0246_000_U1.jpg,,,,,,,,,,
7.0,03_07_0161,U2,Failed,79637.0,03_07_0161_U2_20250418_i.csv,R1-379,5/6/2025,Adipic Acid - 0.388mM,5.0,,,03_07_0161_U2_20250508_CF_1.csv,,03_07_0161_U2_20231121_CV_0.csv,03_07_0161_U2_20231121_CF_0.csv,,03_07_0246_000_U2.jpg,,,,,,,,,,
7.0,03_07_0161,U3,Failed,87249.0,03_07_0161_U3_20250418_i.csv,R1-379,5/6/2025,Adipic Acid - 0.388mM,5.0,,,03_07_0161_U3_20250508_CF_1.csv,,03_07_0161_U3_20231121_CV_0.csv,03_07_0161_U3_20231121_CF_0.csv,,03_07_0246_000_U3.jpg,,,,,,,,,,
7.0,03_07_0161,U4,Failed,91539.0,03_07_0161_U4_20250418_i.csv,R1-379,5/6/2025,Adipic Acid - 0.388mM,5.0,,,03_07_0161_U4_20250508_CF_1.csv,,03_07_0161_U4_20231121_CV_0.csv,03_07_0161_U4_20231121_CF_0.csv,,03_07_0246_000_U4.jpg,,,,,,,,,,
7.0,03_07_0166,U1,Not started,,,,,,,,,,,03_07_0166_U1_20231121_CV_0.csv,03_07_0166_U1_20231121_CF_0.csv,,03_07_0246_000_U1.jpg,,,,,,,,,,
7.0,03_07_0166,U2,Not started,,,,,,,,,,,03_07_0166_U2_20231121_CV_0.csv,03_07_0166_U2_20231121_CF_0.csv,,03_07_0246_000_U2.jpg,,,,,,,,,,
7.0,03_07_0166,U3,Not started,,,,,,,,,,,03_07_0166_U3_20231121_CV_0.csv,03_07_0166_U3_20231121_CF_0.csv,,03_07_0246_000_U3.jpg,,,,,,,,,,
7.0,03_07_0166,U4,Not started,,,,,,,,,,,03_07_0166_U4_20231121_CV_0.csv,03_07_0166_U4_20231121_CF_0.csv,,03_07_0246_000_U4.jpg,,,,,,,,,,
7.0,03_07_0171,U1,Failed,18089.0,03_07_0171_U1_20250304_I.csv,CREOL-A112,3/4/2025,Succinic 0.388mM,5.0,3.8pH end,03_07_0171_U1_20250314_CV_1.csv,03_07_0171_U1_20250314_CF_1.csv,,03_07_0171_U1_20231121_CV_0.csv,03_07_0171_U1_20231121_CF_0.csv,3.79,03_07_0246_000_U1.jpg,,,,,,,,,,
7.0,03_07_0171,U2,Failed,18149.0,03_07_0171_U2_20250304_I.csv,CREOL-A112,3/4/2025,Succinic 0.388mM,5.0,,03_07_0171_U2_20250314_CV_1.csv,03_07_0171_U2_20250314_CF_1.csv,,03_07_0171_U2_20231121_CV_0.csv,03_07_0171_U2_20231121_CF_0.csv,,03_07_0246_000_U2.jpg,,,,,,,,,,
7.0,03_07_0171,U3,Failed,32827.0,03_07_0171_U3_20250304_I.csv,CREOL-A112,3/4/2025,Succinic 0.388mM,5.0,,03_07_0171_U3_20250314_CV_1.csv,03_07_0171_U3_20250314_CF_1.csv,,03_07_0171_U3_20231121_CV_0.csv,03_07_0171_U3_20231121_CF_0.csv,,03_07_0246_000_U3.jpg,,,,,,,,,,
7.0,03_07_0171,U4,Failed,72782.0,03_07_0171_U4_20250304_I.csv,CREOL-A112,3/4/2025,Succinic 0.388mM,5.0,3.79pH start,03_07_0171_U4_20250314_CV_1.csv,03_07_0171_U4_20250314_CF_1.csv,,03_07_0171_U4_20231121_CV_0.csv,03_07_0171_U4_20231121_CF_0.csv,3.79,03_07_0246_000_U4.jpg,,,,,,,,,,
7.0,03_07_0176,U1,Not started,,,,,,,,,,,03_07_0176_U1_20231121_CV_0.csv,03_07_0176_U1_20231121_CF_0.csv,,03_07_0246_000_U1.jpg,,,,,,,,,,
7.0,03_07_0176,U2,Not started,,,,,,,,,,,03_07_0176_U2_20231121_CV_0.csv,03_07_0176_U2_20231121_CF_0.csv,,03_07_0246_000_U2.jpg,,,,,,,,,,
7.0,03_07_0176,U3,Not started,,,,,,,,,,,03_07_0176_U3_20231121_CV_0.csv,03_07_0176_U3_20231121_CF_0.csv,,03_07_0246_000_U3.jpg,,,,,,,,,,
7.0,03_07_0176,U4,Not started,,,,,,,,,,,03_07_0176_U4_20231121_CV_0.csv,03_07_0176_U4_20231121_CF_0.csv,,03_07_0246_000_U4.jpg,,,,,,,,,,
7.0,03_07_0181,U1,Not started,,,,,,,,,,,03_07_0181_U1_20231121_CV_0.csv,03_07_0181_U1_20231121_CF_0.csv,,03_07_0246_000_U1.jpg,,,,,,,,,,
7.0,03_07_0181,U2,Not started,,,,,,,,,,,03_07_0181_U2_20231121_CV_0.csv,03_07_0181_U2_20231121_CF_0.csv,,03_07_0246_000_U2.jpg,,,,,,,,,,
7.0,03_07_0181,U3,Not started,,,,,,,,,,,03_07_0181_U3_20231121_CV_0.csv,03_07_0181_U3_20231121_CF_0.csv,,03_07_0246_000_U3.jpg,,,,,,,,,,
7.0,03_07_0181,U4,Not started,,,,,,,,,,,03_07_0181_U4_20231121_CV_0.csv,03_07_0181_U4_20231121_CF_0.csv,,03_07_0246_000_U4.jpg,,,,,,,,,,
7.0,03_07_0186,U1,Measure/Scanned,4949219.0,0.0051,CREOL-A112,1/10/2025,DI Water,3.0,,03_07_0186_U1_20250117_CV_1.csv,03_07_0186_U1_20250117_CF_1.csv,,03_07_0186_U1_20231121_CV_0.csv,03_07_0186_U1_20231121_CF_0.csv,,03_07_0246_000_U1.jpg,03_07_0186_001_U1.jpg,15.598245853390525,129.7567174766395,94.55356380936126,21.38956031061996,134.32200455996352,102.45095607235142,34.04241070071439,81.89994719887358,90.27179044434313
7.0,03_07_0186,U2,Measure/Scanned,5166424.0,0.0053,CREOL-A112,1/10/2025,DI Water,3.0,,03_07_0186_U2_20250117_CV_1.csv,03_07_0186_U2_20250117_CF_1.csv,,03_07_0186_U2_20231121_CV_0.csv,03_07_0186_U2_20231121_CF_0.csv,,03_07_0246_000_U2.jpg,03_07_0186_001_U2.jpg,13.830435242242435,129.34160982554556,94.15945262531608,22.039995962686724,132.5532137869609,101.01629644241032,33.613683009296345,81.84701947118279,89.0610644128892
7.0,03_07_0186,U3,Measure/Scanned,5602292.0,0.0051,CREOL-A112,1/10/2025,DI Water,3.0,,03_07_0186_U3_20250117_CV_1.csv,03_07_0186_U3_20250117_CF_1.csv,,03_07_0186_U3_20231121_CV_0.csv,03_07_0186_U3_20231121_CF_0.csv,,03_07_0246_000_U3.jpg,03_07_0186_001_U3.jpg,9.826946044172306,132.6553011080098,94.8282346908568,23.367570096422227,133.87601211860417,99.77945261371437,31.767818560846447,83.61703529842963,88.47442776438832
7.0,03_07_0186,U4,Measure/Scanned,3591467.0,0.005,CREOL-A112,1/10/2025,DI Water,3.0,,03_07_0186_U4_20250117_CV_1.csv,03_07_0186_U4_20250117_CF_1.csv,,03_07_0186_U4_20231121_CV_0.csv,03_07_0186_U4_20231121_CF_0.csv,,03_07_0246_000_U4.jpg,03_07_0186_001_U4.jpg,29.61978174453809,131.2440973643443,93.22613428528499,22.722346857885984,145.5804826406284,111.97636067603716,40.6172773718488,82.39752616917175,99.39137356283811
7.0,03_07_0191,U1,Not started,,,,,,,,,,,03_07_0191_U1_20231121_CV_0.csv,03_07_0191_U1_20231121_CF_0.csv,,03_07_0246_000_U1.jpg,,,,,,,,,,
7.0,03_07_0191,U2,Not started,,,,,,,,,,,03_07_0191_U2_20231121_CV_0.csv,03_07_0191_U2_20231121_CF_0.csv,,03_07_0246_000_U2.jpg,,,,,,,,,,
7.0,03_07_0191,U3,Not started,,,,,,,,,,,03_07_0191_U3_20231121_CV_0.csv,03_07_0191_U3_20231121_CF_0.csv,,03_07_0246_000_U3.jpg,,,,,,,,,,
7.0,03_07_0191,U4,Not started,,,,,,,,,,,03_07_0191_U4_20231121_CV_0.csv,03_07_0191_U4_20231121_CF_0.csv,,03_07_0246_000_U4.jpg,,,,,,,,,,
7.0,03_07_0196,U1,Not started,,,,,,,,,,,03_07_0196_U1_20231121_CV_0.csv,03_07_0196_U1_20231121_CF_0.csv,,03_07_0246_000_U1.jpg,,,,,,,,,,
7.0,03_07_0196,U2,Not started,,,,,,,,,,,03_07_0196_U2_20231121_CV_0.csv,03_07_0196_U2_20231121_CF_0.csv,,03_07_0246_000_U2.jpg,,,,,,,,,,
7.0,03_07_0196,U3,Not started,,,,,,,,,,,03_07_0196_U3_20231121_CV_0.csv,03_07_0196_U3_20231121_CF_0.csv,,03_07_0246_000_U3.jpg,,,,,,,,,,
7.0,03_07_0196,U4,Not started,,,,,,,,,,,03_07_0196_U4_20231121_CV_0.csv,03_07_0196_U4_20231121_CF_0.csv,,03_07_0246_000_U4.jpg,,,,,,,,,,
7.0,03_07_0201,U1,Not started,,,,,,,,,,,03_07_0201_U1_20231121_CV_0.csv,03_07_0201_U1_20231121_CF_0.csv,,03_07_0246_000_U1.jpg,,,,,,,,,,
7.0,03_07_0201,U2,Not started,,,,,,,,,,,03_07_0201_U2_20231121_CV_0.csv,03_07_0201_U2_20231121_CF_0.csv,,03_07_0246_000_U2.jpg,,,,,,,,,,
7.0,03_07_0201,U3,Not started,,,,,,,,,,,03_07_0201_U3_20231121_CV_0.csv,03_07_0201_U3_20231121_CF_0.csv,,03_07_0246_000_U3.jpg,,,,,,,,,,
7.0,03_07_0201,U4,Not started,,,,,,,,,,,03_07_0201_U4_20231121_CV_0.csv,03_07_0201_U4_20231121_CF_0.csv,,03_07_0246_000_U4.jpg,,,,,,,,,,
7.0,03_07_0206,U1,Not started,,,,,,,,,,,03_07_0206_U1_20231121_CV_0.csv,03_07_0206_U1_20231121_CF_0.csv,,03_07_0246_000_U1.jpg,,,,,,,,,,
7.0,03_07_0206,U2,Not started,,,,,,,,,,,03_07_0206_U2_20231121_CV_0.csv,03_07_0206_U2_20231121_CF_0.csv,,03_07_0246_000_U2.jpg,,,,,,,,,,
7.0,03_07_0206,U3,Not started,,,,,,,,,,,03_07_0206_U3_20231121_CV_0.csv,03_07_0206_U3_20231121_CF_0.csv,,03_07_0246_000_U3.jpg,,,,,,,,,,
7.0,03_07_0206,U4,Not started,,,,,,,,,,,03_07_0206_U4_20231121_CV_0.csv,03_07_0206_U4_20231121_CF_0.csv,,03_07_0246_000_U4.jpg,,,,,,,,,,
7.0,03_07_0211,U1,Not started,,,,,,,,,,,03_07_0211_U1_20231121_CV_0.csv,03_07_0211_U1_20231121_CF_0.csv,,03_07_0246_000_U1.jpg,,,,,,,,,,
7.0,03_07_0211,U2,Not started,,,,,,,,,,,03_07_0211_U2_20231121_CV_0.csv,03_07_0211_U2_20231121_CF_0.csv,,03_07_0246_000_U2.jpg,,,,,,,,,,
7.0,03_07_0211,U3,Not started,,,,,,,,,,,03_07_0211_U3_20231121_CV_0.csv,03_07_0211_U3_20231121_CF_0.csv,,03_07_0246_000_U3.jpg,,,,,,,,,,
7.0,03_07_0211,U4,Not started,,,,,,,,,,,03_07_0211_U4_20231121_CV_0.csv,03_07_0211_U4_20231121_CF_0.csv,,03_07_0246_000_U4.jpg,,,,,,,,,,
7.0,03_07_0216,U1,Failed,49931.0,03_07_0216_U1_20250418_i.csv,R1-379,5/6/2025,Adipic Acid - 0.388mM,5.0,start 4.18,,03_07_0216_U1_20250508_CF_1.csv,,03_07_0216_U1_20231121_CV_0.csv,03_07_0216_U1_20231121_CF_0.csv,4.18,03_07_0246_000_U1.jpg,,,,,,,,,,
7.0,03_07_0216,U2,Failed,121628.0,03_07_0216_U2_20250418_i.csv,R1-379,5/6/2025,Adipic Acid - 0.388mM,5.0,,,03_07_0216_U2_20250508_CF_1.csv,,03_07_0216_U2_20231121_CV_0.csv,03_07_0216_U2_20231121_CF_0.csv,,03_07_0246_000_U2.jpg,,,,,,,,,,
7.0,03_07_0216,U3,Failed,59277.0,03_07_0216_U3_20250418_i.csv,R1-379,5/6/2025,Adipic Acid - 0.388mM,5.0,,,03_07_0216_U3_20250508_CF_1.csv,,03_07_0216_U3_20231121_CV_0.csv,03_07_0216_U3_20231121_CF_0.csv,,03_07_0246_000_U3.jpg,,,,,,,,,,
7.0,03_07_0216,U4,Failed,74440.0,03_07_0216_U4_20250418_i.csv,R1-379,5/6/2025,Adipic Acid - 0.388mM,5.0,end 4.06,,03_07_0216_U4_20250508_CF_1.csv,,03_07_0216_U4_20231121_CV_0.csv,03_07_0216_U4_20231121_CF_0.csv,4.18,03_07_0246_000_U4.jpg,,,,,,,,,,
7.0,03_07_0221,U1,Not started,,,,,,,,,,,03_07_0221_U1_20231121_CV_0.csv,03_07_0221_U1_20231121_CF_0.csv,,03_07_0246_000_U1.jpg,,,,,,,,,,
7.0,03_07_0221,U2,Not started,,,,,,,,,,,03_07_0221_U2_20231121_CV_0.csv,03_07_0221_U2_20231121_CF_0.csv,,03_07_0246_000_U2.jpg,,,,,,,,,,
7.0,03_07_0221,U3,Not started,,,,,,,,,,,03_07_0221_U3_20231121_CV_0.csv,03_07_0221_U3_20231121_CF_0.csv,,03_07_0246_000_U3.jpg,,,,,,,,,,
7.0,03_07_0221,U4,Not started,,,,,,,,,,,03_07_0221_U4_20231121_CV_0.csv,03_07_0221_U4_20231121_CF_0.csv,,03_07_0246_000_U4.jpg,,,,,,,,,,
7.0,03_07_0226,U1,Failed,1621576.0,03_07_0226_U1_20250226_I.csv,CREOL-A112,2/26/2025,DI Water,5.0,,03_07_0226_U1_20250314_CV_1.csv,03_07_0226_U1_20250314_CF_1.csv,,03_07_0226_U1_20231121_CV_0.csv,03_07_0226_U1_20231121_CF_0.csv,,03_07_0246_000_U1.jpg,03_07_0226_001_U1.jpg,1.62603490741969,129.7567174766395,94.55356380936126,21.38956031061996,128.2970358002313,94.03585093897789,20.8942903765992,81.89994719887358,81.07572570526946
7.0,03_07_0226,U2,Failed,2044032.0,03_07_0226_U2_20250226_I.csv,CREOL-A112,2/26/2025,DI Water,5.0,,03_07_0226_U2_20250314_CV_1.csv,03_07_0226_U2_20250314_CF_1.csv,,03_07_0226_U2_20231121_CV_0.csv,03_07_0226_U2_20231121_CF_0.csv,,03_07_0246_000_U2.jpg,03_07_0226_001_U2.jpg,18.728391086569438,129.34160982554556,94.15945262531608,22.039995962686724,115.27247015621818,86.26908436511097,31.555984107635204,81.84701947118279,77.69917954298812
7.0,03_07_0226,U3,Failed,1903449.0,03_07_0226_U3_20250226_I.csv,CREOL-A112,2/26/2025,DI Water,5.0,,03_07_0226_U3_20250314_CV_1.csv,03_07_0226_U3_20250314_CF_1.csv,,03_07_0226_U3_20231121_CV_0.csv,03_07_0226_U3_20231121_CF_0.csv,,03_07_0246_000_U3.jpg,03_07_0226_001_U3.jpg,19.80824913840254,132.6553011080098,94.8282346908568,23.367570096422227,137.16204263307696,105.09460304002907,39.697227033246534,83.61703529842963,93.98462423545085
7.0,03_07_0226,U4,Failed,1413051.0,03_07_0226_U4_20250226_I.csv,CREOL-A112,2/26/2025,DI Water,5.0,,03_07_0226_U4_20250314_CV_2.csv,03_07_0226_U4_20250314_CF_2.csv,,03_07_0226_U4_20231121_CV_0.csv,03_07_0226_U4_20231121_CF_0.csv,,03_07_0246_000_U4.jpg,03_07_0226_001_U4.jpg,18.531410525398528,131.2440973643443,93.22613428528499,22.722346857885984,116.09863599511773,83.44195421243789,26.999962581185464,82.39752616917175,75.51351759624703
7.0,03_07_0231,U1,Not started,,,,,,,,,,,03_07_0231_U1_20231121_CV_0.csv,03_07_0231_U1_20231121_CF_0.csv,,03_07_0246_000_U1.jpg,,,,,,,,,,
7.0,03_07_0231,U2,Not started,,,,,,,,,,,03_07_0231_U2_20231121_CV_0.csv,03_07_0231_U2_20231121_CF_0.csv,,03_07_0246_000_U2.jpg,,,,,,,,,,
7.0,03_07_0231,U3,Not started,,,,,,,,,,,03_07_0231_U3_20231121_CV_0.csv,03_07_0231_U3_20231121_CF_0.csv,,03_07_0246_000_U3.jpg,,,,,,,,,,
7.0,03_07_0231,U4,Not started,,,,,,,,,,,03_07_0231_U4_20231121_CV_0.csv,03_07_0231_U4_20231121_CF_0.csv,,03_07_0246_000_U4.jpg,,,,,,,,,,
7.0,03_07_0236,U1,Not started,,,,,,,,,,,03_07_0236_U1_20231121_CV_0.csv,03_07_0236_U1_20231121_CF_0.csv,,03_07_0246_000_U1.jpg,,,,,,,,,,
7.0,03_07_0236,U2,Not started,,,,,,,,,,,03_07_0236_U2_20231121_CV_0.csv,03_07_0236_U2_20231121_CF_0.csv,,03_07_0246_000_U2.jpg,,,,,,,,,,
7.0,03_07_0236,U3,Not started,,,,,,,,,,,03_07_0236_U3_20231121_CV_0.csv,03_07_0236_U3_20231121_CF_0.csv,,03_07_0246_000_U3.jpg,,,,,,,,,,
7.0,03_07_0236,U4,Not started,,,,,,,,,,,03_07_0236_U4_20231121_CV_0.csv,03_07_0236_U4_20231121_CF_0.csv,,03_07_0246_000_U4.jpg,,,,,,,,,,
7.0,03_07_0241,U1,Not started,,,,,,,,,,,03_07_0241_U1_20231121_CV_0.csv,03_07_0241_U1_20231121_CF_0.csv,,03_07_0246_000_U1.jpg,,,,,,,,,,
7.0,03_07_0241,U2,Not started,,,,,,,,,,,03_07_0241_U2_20231121_CV_0.csv,03_07_0241_U2_20231121_CF_0.csv,,03_07_0246_000_U2.jpg,,,,,,,,,,
7.0,03_07_0241,U3,Not started,,,,,,,,,,,03_07_0241_U3_20231121_CV_0.csv,03_07_0241_U3_20231121_CF_0.csv,,03_07_0246_000_U3.jpg,,,,,,,,,,
7.0,03_07_0241,U4,Not started,,,,,,,,,,,03_07_0241_U4_20231121_CV_0.csv,03_07_0241_U4_20231121_CF_0.csv,,03_07_0246_000_U4.jpg,,,,,,,,,,
7.0,03_07_0246,U1,Not started,,,,,,,,,,,03_07_0246_U1_20231121_CV_0.csv,03_07_0246_U1_20231121_CF_0.csv,,03_07_0246_000_U1.jpg,,,,,,,,,,
7.0,03_07_0246,U2,Not started,,,,,,,,,,,03_07_0246_U2_20231121_CV_0.csv,03_07_0246_U2_20231121_CF_0.csv,,03_07_0246_000_U2.jpg,,,,,,,,,,
7.0,03_07_0246,U3,Not started,,,,,,,,,,,03_07_0246_U3_20231121_CV_0.csv,03_07_0246_U3_20231121_CF_0.csv,,03_07_0246_000_U3.jpg,,,,,,,,,,
7.0,03_07_0246,U4,Not started,,,,,,,,,,,03_07_0246_U4_20231121_CV_0.csv,03_07_0246_U4_20231121_CF_0.csv,,03_07_0246_000_U4.jpg,,,,,,,,,,
10.0,03_10_0001,U1,Not started,,,,,,,,,,,03_10_0001_U1_20240416_CV_0.csv,03_10_0001_U1_20240416_CF_0.csv,,03_10_0246_000_U1.jpg,,,,,,,,,,
10.0,03_10_0001,U2,Not started,,,,,,,,,,,03_10_0001_U2_20240416_CV_0.csv,03_10_0001_U2_20240416_CF_0.csv,,03_10_0246_000_U2.jpg,,,,,,,,,,
10.0,03_10_0001,U3,Not started,,,,,,,,,,,03_10_0001_U3_20240416_CV_0.csv,03_10_0001_U3_20240416_CF_0.csv,,03_10_0246_000_U3.jpg,,,,,,,,,,
10.0,03_10_0001,U4,Not started,,,,,,,,,,,03_10_0001_U4_20240416_CV_0.csv,03_10_0001_U4_20240416_CF_0.csv,,03_10_0246_000_U4.jpg,,,,,,,,,,
10.0,03_10_0006,U1,Not started,,,,,,,,,,,03_10_0006_U1_20240416_CV_0.csv,03_10_0006_U1_20240416_CF_0.csv,,03_10_0246_000_U1.jpg,,,,,,,,,,
10.0,03_10_0006,U2,Not started,,,,,,,,,,,03_10_0006_U2_20240416_CV_0.csv,03_10_0006_U2_20240416_CF_0.csv,,03_10_0246_000_U2.jpg,,,,,,,,,,
10.0,03_10_0006,U3,Not started,,,,,,,,,,,03_10_0006_U3_20240416_CV_0.csv,03_10_0006_U3_20240416_CF_0.csv,,03_10_0246_000_U3.jpg,,,,,,,,,,
10.0,03_10_0006,U4,Not started,,,,,,,,,,,03_10_0006_U4_20240416_CV_0.csv,03_10_0006_U4_20240416_CF_0.csv,,03_10_0246_000_U4.jpg,,,,,,,,,,
10.0,03_10_0011,U1,Measure/Scanned,231651.0,03_10_0011_U1_20250114_I.csv,CREOL-A112,1/14/2025,Succinic 3.6mM,3.0,,03_10_0011_U1_20250117_CV_1.csv,03_10_0011_U1_20250117_CF_1.csv,,03_10_0011_U1_20240416_CV_0.csv,03_10_0011_U1_20240416_CF_0.csv,,03_10_0246_000_U1.jpg,03_10_0011_001_U1.jpg,27.60244284942027,111.39366117007602,105.5748545405896,65.45078513979318,87.85799797122004,92.27888004165283,59.86647934863596,94.13976695015293,80.00111912050295
10.0,03_10_0011,U2,Measure/Scanned,623065.0,03_10_0011_U2_20250114_I.csv,CREOL-A112,1/14/2025,Succinic 3.6mM,3.0,,03_10_0011_U2_20250117_CV_1.csv,03_10_0011_U2_20250117_CF_1.csv,,03_10_0011_U2_20240416_CV_0.csv,03_10_0011_U2_20240416_CF_0.csv,,03_10_0246_000_U2.jpg,03_10_0011_001_U2.jpg,53.930104943958106,112.47114141606798,106.75393911458664,66.63138682264183,74.18656209510549,76.15383271934405,44.12848269710506,95.2854891177655,64.8229591705182
10.0,03_10_0011,U3,Measure/Scanned,88825.0,03_10_0011_U3_20250114_I.csv,CREOL-A112,1/14/2025,Succinic 3.6mM,3.0,,03_10_0011_U3_20250117_CV_1.csv,03_10_0011_U3_20250117_CF_1.csv,,03_10_0011_U3_20240416_CV_0.csv,03_10_0011_U3_20240416_CF_0.csv,,03_10_0246_000_U3.jpg,03_10_0011_001_U3.jpg,39.597090556592136,116.94320379906289,107.804971248768,66.51220148526072,90.15223290810343,84.91090080174182,48.45576225618448,97.0867921776972,74.50629865534324
10.0,03_10_0011,U4,Measure/Scanned,100535.0,03_10_0011_U4_20250114_I.csv,CREOL-A112,1/14/2025,Succinic 3.6mM,3.0,,03_10_0011_U4_20250117_CV_1.csv,03_10_0011_U4_20250117_CF_1.csv,,03_10_0011_U4_20240416_CV_0.csv,03_10_0011_U4_20240416_CF_0.csv,,03_10_0246_000_U4.jpg,03_10_0011_001_U4.jpg,31.244662325627,112.57555632895611,103.59231892037899,63.131461934840424,88.90276321097217,86.65263033006667,51.77916083335311,93.09977906139186,75.77818479146397
10.0,03_10_0016,U1,Failed,822397.0,03_10_0016_U1_20250212.CSV,CREOL-A112,2/12/2025,DI Water,5.0,,03_10_0016_U1_20250314_CV_1.csv,03_10_0016_U1_20250314_CF_1.csv,,03_10_0016_U1_20240416_CV_0.csv,03_10_0016_U1_20240416_CF_0.csv,,03_10_0246_000_U1.jpg,,,,,,,,,,
10.0,03_10_0016,U2,Failed,780498.0,03_10_0016_U2_20250212.CSV,CREOL-A112,2/12/2025,DI Water,5.0,,03_10_0016_U2_20250314_CV_1.csv,03_10_0016_U2_20250314_CF_1.csv,,03_10_0016_U2_20240416_CV_0.csv,03_10_0016_U2_20240416_CF_0.csv,,03_10_0246_000_U2.jpg,,,,,,,,,,
10.0,03_10_0016,U3,Failed,536993.0,03_10_0016_U3_20250212.CSV,CREOL-A112,2/12/2025,DI Water,5.0,,03_10_0016_U3_20250314_CV_1.csv,03_10_0016_U3_20250314_CF_1.csv,,03_10_0016_U3_20240416_CV_0.csv,03_10_0016_U3_20240416_CF_0.csv,,03_10_0246_000_U3.jpg,,,,,,,,,,
10.0,03_10_0016,U4,Failed,760561.0,03_10_0016_U4_20250212.CSV,CREOL-A112,2/12/2025,DI Water,5.0,,03_10_0016_U4_20250314_CV_1.csv,03_10_0016_U4_20250314_CF_1.csv,,03_10_0016_U4_20240416_CV_0.csv,03_10_0016_U4_20240416_CF_0.csv,,03_10_0246_000_U4.jpg,,,,,,,,,,
10.0,03_10_0021,U1,Failed,114767.0,03_10_0021_U1_20250418_I.csv,R1-379,5/6/2025,Succinic 0.388mM,5.0,,,03_10_0021_U1_20250508_CF_1.csv,,03_10_0021_U1_20240416_CV_0.csv,03_10_0021_U1_20240416_CF_0.csv,,03_10_0246_000_U1.jpg,,,,,,,,,,
10.0,03_10_0021,U2,Failed,82603.0,03_10_0021_U2_20250418_I.csv,R1-379,5/6/2025,Succinic 0.388mM,5.0,,,03_10_0021_U2_20250508_CF_1.csv,,03_10_0021_U2_20240416_CV_0.csv,03_10_0021_U2_20240416_CF_0.csv,,03_10_0246_000_U2.jpg,,,,,,,,,,
10.0,03_10_0021,U3,Failed,73187.0,03_10_0021_U3_20250418_I.csv,R1-379,5/6/2025,Succinic 0.388mM,5.0,,,03_10_0021_U3_20250508_CF_1.csv,,03_10_0021_U3_20240416_CV_0.csv,03_10_0021_U3_20240416_CF_0.csv,,03_10_0246_000_U3.jpg,,,,,,,,,,
10.0,03_10_0021,U4,Failed,43742.0,03_10_0021_U4_20250418_I.csv,R1-379,5/6/2025,Succinic 0.388mM,5.0,,,03_10_0021_U4_20250508_CF_1.csv,,03_10_0021_U4_20240416_CV_0.csv,03_10_0021_U4_20240416_CF_0.csv,,03_10_0246_000_U4.jpg,,,,,,,,,,
10.0,03_10_0026,U1,Not started,,,,,,,,,,,03_10_0026_U1_20240416_CV_0.csv,03_10_0026_U1_20240416_CF_0.csv,,03_10_0246_000_U1.jpg,,,,,,,,,,
10.0,03_10_0026,U2,Not started,,,,,,,,,,,03_10_0026_U2_20240416_CV_0.csv,03_10_0026_U2_20240416_CF_0.csv,,03_10_0246_000_U2.jpg,,,,,,,,,,
10.0,03_10_0026,U3,Not started,,,,,,,,,,,03_10_0026_U3_20240416_CV_0.csv,03_10_0026_U3_20240416_CF_0.csv,,03_10_0246_000_U3.jpg,,,,,,,,,,
10.0,03_10_0026,U4,Not started,,,,,,,,,,,03_10_0026_U4_20240416_CV_0.csv,03_10_0026_U4_20240416_CF_0.csv,,03_10_0246_000_U4.jpg,,,,,,,,,,
10.0,03_10_0031,U1,Not started,,,,,,,,,,,03_10_0031_U1_20240416_CV_0.csv,03_10_0031_U1_20240416_CF_0.csv,,03_10_0246_000_U1.jpg,,,,,,,,,,
10.0,03_10_0031,U2,Not started,,,,,,,,,,,03_10_0031_U2_20240416_CV_0.csv,03_10_0031_U2_20240416_CF_0.csv,,03_10_0246_000_U2.jpg,,,,,,,,,,
10.0,03_10_0031,U3,Not started,,,,,,,,,,,03_10_0031_U3_20240416_CV_0.csv,03_10_0031_U3_20240416_CF_0.csv,,03_10_0246_000_U3.jpg,,,,,,,,,,
10.0,03_10_0031,U4,Not started,,,,,,,,,,,03_10_0031_U4_20240416_CV_0.csv,03_10_0031_U4_20240416_CF_0.csv,,03_10_0246_000_U4.jpg,,,,,,,,,,
10.0,03_10_0036,U1,Not started,,,,,,,,,,,03_10_0036_U1_20240416_CV_0.csv,03_10_0036_U1_20240416_CF_0.csv,,03_10_0246_000_U1.jpg,,,,,,,,,,
10.0,03_10_0036,U2,Not started,,,,,,,,,,,03_10_0036_U2_20240416_CV_0.csv,03_10_0036_U2_20240416_CF_0.csv,,03_10_0246_000_U2.jpg,,,,,,,,,,
10.0,03_10_0036,U3,Not started,,,,,,,,,,,03_10_0036_U3_20240416_CV_0.csv,03_10_0036_U3_20240416_CF_0.csv,,03_10_0246_000_U3.jpg,,,,,,,,,,
10.0,03_10_0036,U4,Not started,,,,,,,,,,,03_10_0036_U4_20240416_CV_0.csv,03_10_0036_U4_20240416_CF_0.csv,,03_10_0246_000_U4.jpg,,,,,,,,,,
10.0,03_10_0041,U1,Not started,,,,,,,,,,,03_10_0041_U1_20240416_CV_0.csv,03_10_0041_U1_20240416_CF_0.csv,,03_10_0246_000_U1.jpg,,,,,,,,,,
10.0,03_10_0041,U2,Not started,,,,,,,,,,,03_10_0041_U2_20240416_CV_0.csv,03_10_0041_U2_20240416_CF_0.csv,,03_10_0246_000_U2.jpg,,,,,,,,,,
10.0,03_10_0041,U3,Not started,,,,,,,,,,,03_10_0041_U3_20240416_CV_0.csv,03_10_0041_U3_20240416_CF_0.csv,,03_10_0246_000_U3.jpg,,,,,,,,,,
10.0,03_10_0041,U4,Not started,,,,,,,,,,,03_10_0041_U4_20240416_CV_0.csv,03_10_0041_U4_20240416_CF_0.csv,,03_10_0246_000_U4.jpg,,,,,,,,,,
10.0,03_10_0046,U1,Not started,,,,,,,,,,,03_10_0046_U1_20240416_CV_0.csv,03_10_0046_U1_20240416_CF_0.csv,,03_10_0246_000_U1.jpg,,,,,,,,,,
10.0,03_10_0046,U2,Not started,,,,,,,,,,,03_10_0046_U2_20240416_CV_0.csv,03_10_0046_U2_20240416_CF_0.csv,,03_10_0246_000_U2.jpg,,,,,,,,,,
10.0,03_10_0046,U3,Not started,,,,,,,,,,,03_10_0046_U3_20240416_CV_0.csv,03_10_0046_U3_20240416_CF_0.csv,,03_10_0246_000_U3.jpg,,,,,,,,,,
10.0,03_10_0046,U4,Not started,,,,,,,,,,,03_10_0046_U4_20240416_CV_0.csv,03_10_0046_U4_20240416_CF_0.csv,,03_10_0246_000_U4.jpg,,,,,,,,,,
10.0,03_10_0051,U1,Not started,,,,,,,,,,,03_10_0051_U1_20240416_CV_0.csv,03_10_0051_U1_20240416_CF_0.csv,,03_10_0246_000_U1.jpg,,,,,,,,,,
10.0,03_10_0051,U2,Not started,,,,,,,,,,,03_10_0051_U2_20240416_CV_0.csv,03_10_0051_U2_20240416_CF_0.csv,,03_10_0246_000_U2.jpg,,,,,,,,,,
10.0,03_10_0051,U3,Not started,,,,,,,,,,,03_10_0051_U3_20240416_CV_0.csv,03_10_0051_U3_20240416_CF_0.csv,,03_10_0246_000_U3.jpg,,,,,,,,,,
10.0,03_10_0051,U4,Not started,,,,,,,,,,,03_10_0051_U4_20240416_CV_0.csv,03_10_0051_U4_20240416_CF_0.csv,,03_10_0246_000_U4.jpg,,,,,,,,,,
10.0,03_10_0056,U1,Not started,,,,,,,,,,,03_10_0056_U1_20240416_CV_0.csv,03_10_0056_U1_20240416_CF_0.csv,,03_10_0246_000_U1.jpg,,,,,,,,,,
10.0,03_10_0056,U2,Not started,,,,,,,,,,,03_10_0056_U2_20240416_CV_0.csv,03_10_0056_U2_20240416_CF_0.csv,,03_10_0246_000_U2.jpg,,,,,,,,,,
10.0,03_10_0056,U3,Not started,,,,,,,,,,,03_10_0056_U3_20240416_CV_0.csv,03_10_0056_U3_20240416_CF_0.csv,,03_10_0246_000_U3.jpg,,,,,,,,,,
10.0,03_10_0056,U4,Not started,,,,,,,,,,,03_10_0056_U4_20240416_CV_0.csv,03_10_0056_U4_20240416_CF_0.csv,,03_10_0246_000_U4.jpg,,,,,,,,,,
10.0,03_10_0061,U1,Measure/Scanned,434794.0,0.005,CREOL-A112,9/27/2024,DI Water,5.0,,03_10_0061_U1_20241001_CV_1.csv,03_10_0061_U1_20241001_CF_1.csv,,03_10_0061_U1_20240416_CV_0.csv,03_10_0061_U1_20240416_CF_0.csv,,03_10_0246_000_U1.jpg,03_10_0061_001_U1.jpg,16.879478056832177,111.39366117007602,105.5748545405896,65.45078513979318,101.10001820629222,95.78979552244597,56.32881638208143,94.13976695015293,84.40621003693987
10.0,03_10_0061,U2,Measure/Scanned,943311.0,,CREOL-A112,9/27/2024,DI Water,5.0,,,03_10_0061_U2_20241001_CF_1.csv,,03_10_0061_U2_20240416_CV_0.csv,03_10_0061_U2_20240416_CF_0.csv,,03_10_0246_000_U2.jpg,03_10_0061_001_U2.jpg,12.523628017284794,112.47114141606798,106.75393911458664,66.63138682264183,104.04122096281695,98.51570290758349,62.39946479301948,95.2854891177655,88.31879622113998
10.0,03_10_0061,U3,Measure/Scanned,757400.0,,CREOL-A112,9/27/2024,DI Water,5.0,,03_10_0061_U3_20241001_CV_1.csv,03_10_0061_U3_20241001_CF_1.csv,,03_10_0061_U3_20240416_CV_0.csv,03_10_0061_U3_20240416_CF_0.csv,,03_10_0246_000_U3.jpg,03_10_0061_001_U3.jpg,26.435819204741726,116.94320379906289,107.804971248768,66.51220148526072,99.5053376056614,92.01890517186465,54.446818049063666,97.0867921776972,81.99035360886323
10.0,03_10_0061,U4,Measure/Scanned,646076.0,,CREOL-A112,9/27/2024,DI Water,5.0,,03_10_0061_U4_20241001_CV_1.csv,03_10_0061_U4_20241001_CF_1.csv,,03_10_0061_U4_20240416_CV_0.csv,03_10_0061_U4_20240416_CF_0.csv,,03_10_0246_000_U4.jpg,03_10_0061_001_U4.jpg,16.875197346180194,112.57555632895611,103.59231892037899,63.131461934840424,99.72925240380056,93.78980613135087,58.26776951487796,93.09977906139186,83.92894268334312
10.0,03_10_0066,U1,Failed,73291.0,03_10_0066_U1_20250418_i.csv,R1-379,5/6/2025,Adipic Acid - 0.388mM,5.0,410 end,,03_10_0066_U1_20250508_CF_1.csv,,03_10_0066_U1_20240416_CV_0.csv,03_10_0066_U1_20240416_CF_0.csv,4.06,03_10_0246_000_U1.jpg,,,,,,,,,,
10.0,03_10_0066,U2,Failed,115761.0,03_10_0066_U2_20250418_i.csv,R1-379,5/6/2025,Adipic Acid - 0.388mM,5.0,,,03_10_0066_U2_20250508_CF_1.csv,,03_10_0066_U2_20240416_CV_0.csv,03_10_0066_U2_20240416_CF_0.csv,,03_10_0246_000_U2.jpg,,,,,,,,,,
10.0,03_10_0066,U3,Failed,197583.0,03_10_0066_U3_20250418_i.csv,R1-379,5/6/2025,Adipic Acid - 0.388mM,5.0,,,03_10_0066_U3_20250508_CF_1.csv,,03_10_0066_U3_20240416_CV_0.csv,03_10_0066_U3_20240416_CF_0.csv,,03_10_0246_000_U3.jpg,,,,,,,,,,
10.0,03_10_0066,U4,Failed,412238.0,03_10_0066_U4_20250418_i.csv,R1-379,5/6/2025,Adipic Acid - 0.388mM,5.0,4.06 start,,03_10_0066_U4_20250508_CF_1.csv,,03_10_0066_U4_20240416_CV_0.csv,03_10_0066_U4_20240416_CF_0.csv,4.06,03_10_0246_000_U4.jpg,,,,,,,,,,
10.0,03_10_0071,U1,Failed,142601.0,03_10_0071_U1_20250418_I.csv,R1-379,5/6/2025,Adipic Acid - 0.388mM,5.0,,,03_10_0071_U1_20250508_CF_1.csv,,03_10_0071_U1_20240416_CV_0.csv,03_10_0071_U1_20240416_CF_0.csv,,03_10_0246_000_U1.jpg,,,,,,,,,,
10.0,03_10_0071,U2,Failed,125596.0,03_10_0071_U2_20250418_I.csv,R1-379,5/6/2025,Adipic Acid - 0.388mM,5.0,,,03_10_0071_U2_20250508_CF_1.csv,,03_10_0071_U2_20240416_CV_0.csv,03_10_0071_U2_20240416_CF_0.csv,,03_10_0246_000_U2.jpg,,,,,,,,,,
10.0,03_10_0071,U3,Failed,171691.0,03_10_0071_U3_20250418_I.csv,R1-379,5/6/2025,Adipic Acid - 0.388mM,5.0,,,03_10_0071_U3_20250508_CF_1.csv,,03_10_0071_U3_20240416_CV_0.csv,03_10_0071_U3_20240416_CF_0.csv,,03_10_0246_000_U3.jpg,,,,,,,,,,
10.0,03_10_0071,U4,Failed,63032.0,03_10_0071_U4_20250418_I.csv,R1-379,5/6/2025,Adipic Acid - 0.388mM,5.0,,,03_10_0071_U4_20250508_CF_1.csv,,03_10_0071_U4_20240416_CV_0.csv,03_10_0071_U4_20240416_CF_0.csv,,03_10_0246_000_U4.jpg,,,,,,,,,,
10.0,03_10_0076,U1,Not started,,,,,,,,,,,03_10_0076_U1_20240416_CV_0.csv,03_10_0076_U1_20240416_CF_0.csv,,03_10_0246_000_U1.jpg,,,,,,,,,,
10.0,03_10_0076,U2,Not started,,,,,,,,,,,03_10_0076_U2_20240416_CV_0.csv,03_10_0076_U2_20240416_CF_0.csv,,03_10_0246_000_U2.jpg,,,,,,,,,,
10.0,03_10_0076,U3,Not started,,,,,,,,,,,03_10_0076_U3_20240416_CV_0.csv,03_10_0076_U3_20240416_CF_0.csv,,03_10_0246_000_U3.jpg,,,,,,,,,,
10.0,03_10_0076,U4,Not started,,,,,,,,,,,03_10_0076_U4_20240416_CV_0.csv,03_10_0076_U4_20240416_CF_0.csv,,03_10_0246_000_U4.jpg,,,,,,,,,,
10.0,03_10_0081,U1,Measure/Scanned,610876.0,0.005,CREOL-A112,12/10/2024,DI Water,5.0,,03_10_0081_U1_20241216_CV_1.csv,03_10_0081_U1_20241216_CF_1.csv,,03_10_0081_U1_20240416_CV_0.csv,03_10_0081_U1_20240416_CF_0.csv,,03_10_0246_000_U1.jpg,03_10_0081_001_U1.jpg,14.379725804185835,111.39366117007602,105.5748545405896,65.45078513979318,104.07037887037887,96.48397608397609,57.05423945423946,94.13976695015293,85.86953146953147
10.0,03_10_0081,U2,Measure/Scanned,1053532.0,0.005,CREOL-A112,11/20/2024,DI Water,5.0,,03_10_0081_U2_20241216_CV_1.csv,03_10_0081_U2_20241216_CF_1.csv,,03_10_0081_U2_20240416_CV_0.csv,03_10_0081_U2_20240416_CF_0.csv,,03_10_0246_000_U2.jpg,03_10_0081_001_U2.jpg,12.840818077031985,112.47114141606798,106.75393911458664,66.63138682264183,106.37764787296037,98.59446811868686,58.80968762140637,95.2854891177655,87.92726787101788
10.0,03_10_0081,U3,Measure/Scanned,885390.0,0.0051,CREOL-A112,11/12/2024,DI Water,5.0,,03_10_0081_U3_20241216_CV_1.csv,03_10_0081_U3_20241216_CF_1.csv,,03_10_0081_U3_20240416_CV_0.csv,03_10_0081_U3_20240416_CF_0.csv,,03_10_0246_000_U3.jpg,03_10_0081_001_U3.jpg,16.172622844376004,116.94320379906289,107.804971248768,66.51220148526072,110.18575949902069,97.99484385452666,55.573642315652705,97.0867921776972,87.91808188973334
10.0,03_10_0081,U4,Measure/Scanned,435058.0,0.0051,CREOL-A112,12/10/2024,DI Water,5.0,"connection issue; restarted, no visual reactions",03_10_0081_U4_20241216_CV_1.csv,03_10_0081_U4_20241216_CF_1.csv,,03_10_0081_U4_20240416_CV_0.csv,03_10_0081_U4_20240416_CF_0.csv,,03_10_0246_000_U4.jpg,03_10_0081_001_U4.jpg,11.059444229021835,112.57555632895611,103.59231892037899,63.131461934840424,107.92067173706953,96.33729235247318,56.20268530472438,93.09977906139186,86.82021646475569
10.0,03_10_0086,U1,Failed,113339.0,03_10_0086_U1_20250418_i.csv,R1-379,5/6/2025,Adipic Acid - 0.388mM,5.0,4.10 start,,03_10_0086_U1_20250508_CF_1.csv,,03_10_0086_U1_20240416_CV_0.csv,03_10_0086_U1_20240416_CF_0.csv,4.1,03_10_0246_000_U1.jpg,,,,,,,,,,
10.0,03_10_0086,U2,Failed,114631.0,03_10_0086_U2_20250418_i.csv,R1-379,5/6/2025,Adipic Acid - 0.388mM,5.0,,,03_10_0086_U2_20250508_CF_2.csv,,03_10_0086_U2_20240416_CV_0.csv,03_10_0086_U2_20240416_CF_0.csv,,03_10_0246_000_U2.jpg,,,,,,,,,,
10.0,03_10_0086,U3,Failed,101286.0,03_10_0086_U3_20250418_i.csv,R1-379,5/6/2025,Adipic Acid - 0.388mM,5.0,,,03_10_0086_U3_20250508_CF_1.csv,,03_10_0086_U3_20240416_CV_0.csv,03_10_0086_U3_20240416_CF_0.csv,,03_10_0246_000_U3.jpg,,,,,,,,,,
10.0,03_10_0086,U4,Failed,54535.0,03_10_0086_U4_20250418_i.csv,R1-379,5/6/2025,Adipic Acid - 0.388mM,5.0,,,03_10_0086_U4_20250508_CF_1.csv,,03_10_0086_U4_20240416_CV_0.csv,03_10_0086_U4_20240416_CF_0.csv,,03_10_0246_000_U4.jpg,,,,,,,,,,
10.0,03_10_0091,U1,Failed,,03_10_0091_U1_20250418_I.csv,R1-379,5/6/2025,Adipic Acid - 0.388mM,5.0,,,03_10_0091_U1_20250508_CF_1.csv,,03_10_0091_U1_20240416_CV_0.csv,03_10_0091_U1_20240416_CF_0.csv,,03_10_0246_000_U1.jpg,,,,,,,,,,
10.0,03_10_0091,U2,Failed,152027.0,03_10_0091_U2_20250418_I.csv,R1-379,5/6/2025,Adipic Acid - 0.388mM,5.0,,,03_10_0091_U2_20250508_CF_1.csv,,03_10_0091_U2_20240416_CV_0.csv,03_10_0091_U2_20240416_CF_0.csv,,03_10_0246_000_U2.jpg,,,,,,,,,,
10.0,03_10_0091,U3,Failed,236746.0,03_10_0091_U3_20250418_I.csv,R1-379,5/6/2025,Adipic Acid - 0.388mM,5.0,,,03_10_0091_U3_20250508_CF_1.csv,,03_10_0091_U3_20240416_CV_0.csv,03_10_0091_U3_20240416_CF_0.csv,,03_10_0246_000_U3.jpg,,,,,,,,,,
10.0,03_10_0091,U4,Failed,138496.0,03_10_0091_U4_20250418_I.csv,R1-379,5/6/2025,Adipic Acid - 0.388mM,5.0,,,03_10_0091_U4_20250508_CF_1.csv,,03_10_0091_U4_20240416_CV_0.csv,03_10_0091_U4_20240416_CF_0.csv,,03_10_0246_000_U4.jpg,,,,,,,,,,
10.0,03_10_0096,U1,Not started,,,,,,,,,,,03_10_0096_U1_20240416_CV_0.csv,03_10_0096_U1_20240416_CF_0.csv,,03_10_0246_000_U1.jpg,,,,,,,,,,
10.0,03_10_0096,U2,Not started,,,,,,,,,,,03_10_0096_U2_20240416_CV_0.csv,03_10_0096_U2_20240416_CF_0.csv,,03_10_0246_000_U2.jpg,,,,,,,,,,
10.0,03_10_0096,U3,Not started,,,,,,,,,,,03_10_0096_U3_20240416_CV_0.csv,03_10_0096_U3_20240416_CF_0.csv,,03_10_0246_000_U3.jpg,,,,,,,,,,
10.0,03_10_0096,U4,Not started,,,,,,,,,,,03_10_0096_U4_20240416_CV_0.csv,03_10_0096_U4_20240416_CF_0.csv,,03_10_0246_000_U4.jpg,,,,,,,,,,
10.0,03_10_0101,U1,Not started,,,,,,,,,,,03_10_0101_U1_20240416_CV_0.csv,03_10_0101_U1_20240416_CF_0.csv,,03_10_0246_000_U1.jpg,,,,,,,,,,
10.0,03_10_0101,U2,Not started,,,,,,,,,,,03_10_0101_U2_20240416_CV_0.csv,03_10_0101_U2_20240416_CF_0.csv,,03_10_0246_000_U2.jpg,,,,,,,,,,
10.0,03_10_0101,U3,Not started,,,,,,,,,,,03_10_0101_U3_20240416_CV_0.csv,03_10_0101_U3_20240416_CF_0.csv,,03_10_0246_000_U3.jpg,,,,,,,,,,
10.0,03_10_0101,U4,Not started,,,,,,,,,,,03_10_0101_U4_20240416_CV_0.csv,03_10_0101_U4_20240416_CF_0.csv,,03_10_0246_000_U4.jpg,,,,,,,,,,
10.0,03_10_0106,U1,Not started,,,,,,,,,,,03_10_0106_U1_20240416_CV_0.csv,03_10_0106_U1_20240416_CF_0.csv,,03_10_0246_000_U1.jpg,,,,,,,,,,
10.0,03_10_0106,U2,Not started,,,,,,,,,,,03_10_0106_U2_20240416_CV_0.csv,03_10_0106_U2_20240416_CF_0.csv,,03_10_0246_000_U2.jpg,,,,,,,,,,
10.0,03_10_0106,U3,Not started,,,,,,,,,,,03_10_0106_U3_20240416_CV_0.csv,03_10_0106_U3_20240416_CF_0.csv,,03_10_0246_000_U3.jpg,,,,,,,,,,
10.0,03_10_0106,U4,Not started,,,,,,,,,,,03_10_0106_U4_20240416_CV_0.csv,03_10_0106_U4_20240416_CF_0.csv,,03_10_0246_000_U4.jpg,,,,,,,,,,
10.0,03_10_0111,U1,Not started,,,,,,,,,,,03_10_0111_U1_20240416_CV_0.csv,03_10_0111_U1_20240416_CF_0.csv,,03_10_0246_000_U1.jpg,,,,,,,,,,
10.0,03_10_0111,U2,Not started,,,,,,,,,,,03_10_0111_U2_20240416_CV_0.csv,03_10_0111_U2_20240416_CF_0.csv,,03_10_0246_000_U2.jpg,,,,,,,,,,
10.0,03_10_0111,U3,Not started,,,,,,,,,,,03_10_0111_U3_20240416_CV_0.csv,03_10_0111_U3_20240416_CF_0.csv,,03_10_0246_000_U3.jpg,,,,,,,,,,
10.0,03_10_0111,U4,Not started,,,,,,,,,,,03_10_0111_U4_20240416_CV_0.csv,03_10_0111_U4_20240416_CF_0.csv,,03_10_0246_000_U4.jpg,,,,,,,,,,
10.0,03_10_0126,U1,Measure/Scanned,480746.0,0.0051,CREOL-A112,10/25/2024,DI Water,5.0,,03_10_0126_U1_20241028_CV_1.csv,03_10_0126_U1_20241028_CF_1.csv,,03_10_0126_U1_20231121_CV_0.csv,03_10_0126_U1_20231121_CF_0.csv,,03_10_0246_000_U1.jpg,03_10_0126_001_U1.jpg,17.003661622465767,111.39366117007602,105.5748545405896,65.45078513979318,101.36867155814558,96.63108815584125,55.02806310056334,94.13976695015293,84.34260760485006
10.0,03_10_0126,U2,Measure/Scanned,663823.0,0.0054,CREOL-A112,10/25/2024,DI Water,5.0,,03_10_0126_U2_20241028_CV_1.csv,03_10_0126_U2_20241028_CF_1.csv,,03_10_0126_U2_20231121_CV_0.csv,03_10_0126_U2_20231121_CF_0.csv,,03_10_0246_000_U2.jpg,03_10_0126_001_U2.jpg,18.88116893346066,112.47114141606798,106.75393911458664,66.63138682264183,101.36981388075584,95.8461066068107,55.94128592368364,95.2854891177655,84.38573547041672
10.0,03_10_0126,U3,Measure/Scanned,349101.0,0.00151,CREOL-A112,10/25/2024,DI Water,5.0,,03_10_0126_U3_20241028_CV_1.csv,03_10_0126_U3_20241028_CF_1.csv,,03_10_0126_U3_20231121_CV_0.csv,03_10_0126_U3_20231121_CF_0.csv,,03_10_0246_000_U3.jpg,03_10_0126_001_U3.jpg,15.95697209344323,116.94320379906289,107.804971248768,66.51220148526072,107.62278069014596,99.95527077712707,56.20992630124367,97.0867921776972,87.92932592283891
10.0,03_10_0126,U4,Measure/Scanned,1035753.0,0.0051,CREOL-A112,10/25/2024,DI Water,5.0,"issues with connection, had to restart",03_10_0126_U4_20241028_CV_1.csv,03_10_0126_U4_20241028_CF_1.csv,,03_10_0126_U4_20231121_CV_0.csv,03_10_0126_U4_20231121_CF_0.csv,,03_10_0246_000_U4.jpg,03_10_0126_001_U4.jpg,9.49426507937249,112.57555632895611,103.59231892037899,63.131461934840424,105.93513743174687,98.77004085272706,58.35741328560972,93.09977906139186,87.68753052336122
10.0,03_10_0131,U1,Failed,96202.0,03_10_0131_U1_20250418_I.csv,R1-379,5/6/2025,Adipic Acid - 0.388mM,5.0,,,03_10_0131_U1_20250508_CF_1.csv,,03_10_0131_U1_20231121_CV_0.csv,03_10_0131_U1_20231121_CF_0.csv,,03_10_0246_000_U1.jpg,,,,,,,,,,
10.0,03_10_0131,U2,Failed,109431.0,03_10_0131_U2_20250418_I.csv,R1-379,5/6/2025,Adipic Acid - 0.388mM,5.0,,,03_10_0131_U2_20250508_CF_1.csv,,03_10_0131_U2_20231121_CV_0.csv,03_10_0131_U2_20231121_CF_0.csv,,03_10_0246_000_U2.jpg,,,,,,,,,,
10.0,03_10_0131,U3,Failed,177239.0,03_10_0131_U3_20250418_I.csv,R1-379,5/6/2025,Adipic Acid - 0.388mM,5.0,,,03_10_0131_U3_20250508_CF_1.csv,,03_10_0131_U3_20231121_CV_0.csv,03_10_0131_U3_20231121_CF_0.csv,,03_10_0246_000_U3.jpg,,,,,,,,,,
10.0,03_10_0131,U4,Failed,147582.0,03_10_0131_U4_20250418_I.csv,R1-379,5/6/2025,Adipic Acid - 0.388mM,5.0,4.30 start,,03_10_0131_U4_20250508_CF_1.csv,,03_10_0131_U4_20231121_CV_0.csv,03_10_0131_U4_20231121_CF_0.csv,4.3,03_10_0246_000_U4.jpg,,,,,,,,,,
10.0,03_10_0136,U1,Failed,13618.0,0.0198925,R1-379,11/22/2024,Succinic 20mM,5.0,,03_10_0136_U1_20241125_CV_1.csv,03_10_0136_U1_20241125_CF_1.csv,,03_10_0136_U4_20231121_CV_0.csv,03_10_0136_U4_20231121_CF_0.csv,,03_10_0246_000_U1.jpg,,,,,,,,,,
10.0,03_10_0136,U4,Failed,13603.0,0.019355,R1-379,11/22/2024,Succinic 20mM,5.0,,03_10_0136_U4_20241125_CV_1.csv,03_10_0136_U4_20241125_CF_1.csv,,03_10_0136_U1_20231121_CV_0.csv,03_10_0136_U1_20231121_CF_0.csv,,03_10_0246_000_U4.jpg,,,,,,,,,,
10.0,03_10_0136,U2,Failed,13643.0,0.0190296,R1-379,11/22/2024,Succinic 20mM,5.0,,03_10_0136_U2_20241125_CV_1.csv,03_10_0136_U2_20241125_CF_1.csv,,03_10_0136_U2_20231121_CV_0.csv,03_10_0136_U2_20231121_CF_0.csv,,03_10_0246_000_U2.jpg,,,,,,,,,,
10.0,03_10_0136,U3,Failed,13589.0,0.0193085,R1-379,11/22/2024,Succinic 20mM,5.0,,03_10_0136_U3_20241125_CV_1.csv,03_10_0136_U3_20241125_CF_1.csv,,03_10_0136_U3_20231121_CV_0.csv,03_10_0136_U3_20231121_CF_0.csv,,03_10_0246_000_U3.jpg,,,,,,,,,,
10.0,03_10_0141,U1,Not started,,,,,,,,,,,03_10_0141_U1_20231121_CV_0.csv,03_10_0141_U1_20231121_CF_0.csv,,03_10_0246_000_U1.jpg,,,,,,,,,,
10.0,03_10_0141,U2,Not started,,,,,,,,,,,03_10_0141_U2_20231121_CV_0.csv,03_10_0141_U2_20231121_CF_0.csv,,03_10_0246_000_U2.jpg,,,,,,,,,,
10.0,03_10_0141,U3,Not started,,,,,,,,,,,03_10_0141_U3_20231121_CV_0.csv,03_10_0141_U3_20231121_CF_0.csv,,03_10_0246_000_U3.jpg,,,,,,,,,,
10.0,03_10_0141,U4,Not started,,,,,,,,,,,03_10_0141_U4_20231121_CV_0.csv,03_10_0141_U4_20231121_CF_0.csv,,03_10_0246_000_U4.jpg,,,,,,,,,,
10.0,03_10_0146,U1,Measure/Scanned,208440.0,0.0051,CREOL-A112,10/25/2024,DI Water,5.0,,03_10_0146_U1_20241028_CV_1.csv,03_10_0146_U1_20241028_CF_1.csv,,03_10_0146_U1_20231121_CV_0.csv,03_10_0146_U1_20231121_CF_0.csv,,03_10_0246_000_U1.jpg,03_10_0146_001_U1.jpg,14.756161525966835,111.39366117007602,105.5748545405896,65.45078513979318,102.82863937131914,97.9210433119985,56.18774685614476,94.13976695015293,85.64580984648747
10.0,03_10_0146,U2,Measure/Scanned,511730.0,0.005,CREOL-A112,10/25/2024,DI Water,5.0,,03_10_0146_U2_20241028_CV_1.csv,03_10_0146_U2_20241028_CF_1.csv,,03_10_0146_U2_20231121_CV_0.csv,03_10_0146_U2_20231121_CF_0.csv,,03_10_0246_000_U2.jpg,03_10_0146_001_U2.jpg,23.2332572898632,112.47114141606798,106.75393911458664,66.63138682264183,98.39658900839225,94.00647226571238,53.24507636167378,95.2854891177655,81.88271254525948
10.0,03_10_0146,U3,Measure/Scanned,784413.0,0.005,CREOL-A112,10/25/2024,DI Water,5.0,,03_10_0146_U3_20241028_CV_1.csv,03_10_0146_U3_20241028_CF_1.csv,,03_10_0146_U3_20231121_CV_0.csv,03_10_0146_U3_20231121_CF_0.csv,,03_10_0246_000_U3.jpg,03_10_0146_001_U3.jpg,27.02649313101416,116.94320379906289,107.804971248768,66.51220148526072,99.42525416238705,92.50997576411942,52.742093111968074,97.0867921776972,81.5591076794915
10.0,03_10_0146,U4,Measure/Scanned,605556.0,0.0051,CREOL-A112,10/25/2024,DI Water,5.0,,03_10_0146_U4_20241028_CV_1.csv,03_10_0146_U4_20241028_CF_1.csv,,03_10_0146_U4_20231121_CV_0.csv,03_10_0146_U4_20231121_CF_0.csv,,03_10_0246_000_U4.jpg,03_10_0146_001_U4.jpg,21.266256342546278,112.57555632895611,103.59231892037899,63.131461934840424,98.5125974015141,92.28138327726677,51.882036175747544,93.09977906139186,80.89200561817614
10.0,03_10_0151,U1,Not started,,,,,,,,,,,03_10_0151_U1_20231121_CV_0.csv,03_10_0151_U1_20231121_CF_0.csv,,03_10_0246_000_U1.jpg,,,,,,,,,,
10.0,03_10_0151,U2,Not started,,,,,,,,,,,03_10_0151_U2_20231121_CV_0.csv,03_10_0151_U2_20231121_CF_0.csv,,03_10_0246_000_U2.jpg,,,,,,,,,,
10.0,03_10_0151,U3,Not started,,,,,,,,,,,03_10_0151_U3_20231121_CV_0.csv,03_10_0151_U3_20231121_CF_0.csv,,03_10_0246_000_U3.jpg,,,,,,,,,,
10.0,03_10_0151,U4,Not started,,,,,,,,,,,03_10_0151_U4_20231121_CV_0.csv,03_10_0151_U4_20231121_CF_0.csv,,03_10_0246_000_U4.jpg,,,,,,,,,,
10.0,03_10_0156,U1,Measure/Scanned,1248932.0,03_10_0156_U1_20250131_I.csv,CREOL-A112,1/31/2025,Succinic 1.425mM,3.0,,03_10_0156_U1_20250207_CV_1.csv,03_10_0156_U1_20250207_CF_1.csv,,03_10_0156_U1_20231121_CV_0.csv,03_10_0156_U1_20231121_CF_0.csv,,03_10_0246_000_U1.jpg,03_10_0156_001_U1.jpg,20.03723548564886,111.39366117007602,105.5748545405896,65.45078513979318,114.57355522912114,117.59037177695771,81.16722319754457,94.13976695015293,104.44371673454113
10.0,03_10_0156,U2,Measure/Scanned,75831.0,03_10_0156_U2_20250131_I.csv,CREOL-A112,1/31/2025,Succinic 1.425mM,3.0,,03_10_0156_U2_20250207_CV_1.csv,03_10_0156_U2_20250207_CF_1.csv,,03_10_0156_U2_20231121_CV_0.csv,03_10_0156_U2_20231121_CF_0.csv,,03_10_0246_000_U2.jpg,03_10_0156_001_U2.jpg,19.14322648481341,112.47114141606798,106.75393911458664,66.63138682264183,104.062003056905,97.19172669290892,52.33755577886537,95.2854891177655,84.53042850955977
10.0,03_10_0156,U3,Measure/Scanned,80149.0,03_10_0156_U3_20250131_I.csv,CREOL-A112,1/31/2025,Succinic 1.425mM,3.0,,03_10_0156_U3_20250207_CV_1.csv,03_10_0156_U3_20250207_CF_1.csv,,03_10_0156_U3_20231121_CV_0.csv,03_10_0156_U3_20231121_CF_0.csv,,03_10_0246_000_U3.jpg,03_10_0156_001_U3.jpg,7.7368806207304175,116.94320379906289,107.804971248768,66.51220148526072,122.09282568446027,113.56152818168064,66.9624996698069,97.0867921776972,100.87228451198261
10.0,03_10_0156,U4,Measure/Scanned,71655.0,03_10_0156_U4_20250131_I.csv,CREOL-A112,1/31/2025,Succinic 1.425mM,3.0,,03_10_0156_U4_20250207_CV_1.csv,03_10_0156_U4_20250207_CF_1.csv,,03_10_0156_U4_20231121_CV_0.csv,03_10_0156_U4_20231121_CF_0.csv,,03_10_0246_000_U4.jpg,03_10_0156_001_U4.jpg,19.952964485976498,112.57555632895611,103.59231892037899,63.131461934840424,101.51569849562617,92.56952529055782,50.709772956301975,93.09977906139186,81.59833224749532
10.0,03_10_0161,U1,Not started,,,,,,,,,,,03_10_0161_U1_20231121_CV_0.csv,03_10_0161_U1_20231121_CF_0.csv,,03_10_0246_000_U1.jpg,,,,,,,,,,
10.0,03_10_0161,U2,Not started,,,,,,,,,,,03_10_0161_U2_20231121_CV_0.csv,03_10_0161_U2_20231121_CF_0.csv,,03_10_0246_000_U2.jpg,,,,,,,,,,
10.0,03_10_0161,U3,Not started,,,,,,,,,,,03_10_0161_U3_20231121_CV_0.csv,03_10_0161_U3_20231121_CF_0.csv,,03_10_0246_000_U3.jpg,,,,,,,,,,
10.0,03_10_0161,U4,Not started,,,,,,,,,,,03_10_0161_U4_20231121_CV_0.csv,03_10_0161_U4_20231121_CF_0.csv,,03_10_0246_000_U4.jpg,,,,,,,,,,
10.0,03_10_0166,U1,Measure/Scanned,1215791.0,0.0051,CREOL-A112,10/25/2024,DI Water,5.0,,03_10_0166_U1_20241028_CV_1.csv,03_10_0166_U1_20241028_CF_1.csv,,03_10_0166_U1_20231121_CV_0.csv,03_10_0166_U1_20231121_CF_0.csv,,03_10_0246_000_U1.jpg,03_10_0166_001_U1.jpg,42.20210543570433,111.39366117007602,105.5748545405896,65.45078513979318,85.85357080540328,78.40030426184694,45.69565151537183,94.13976695015293,69.98317552754068
10.0,03_10_0166,U2,Measure/Scanned,892665.0,0.005,CREOL-A112,10/25/2024,DI Water,5.0,,03_10_0166_U2_20241028_CV_1.csv,03_10_0166_U2_20241028_CF_1.csv,,03_10_0166_U2_20231121_CV_0.csv,03_10_0166_U2_20231121_CF_0.csv,,03_10_0246_000_U2.jpg,03_10_0166_001_U2.jpg,45.82848187735829,112.47114141606798,106.75393911458664,66.63138682264183,83.61412703073009,77.33155399784694,46.58529678019182,95.2854891177655,69.17699260292295
10.0,03_10_0166,U3,Measure/Scanned,766520.0,0.005,CREOL-A112,10/25/2024,DI Water,5.0,,03_10_0166_U3_20241028_CV_1.csv,03_10_0166_U3_20241028_CF_1.csv,,03_10_0166_U3_20231121_CV_0.csv,03_10_0166_U3_20231121_CF_0.csv,,03_10_0246_000_U3.jpg,03_10_0166_001_U3.jpg,33.843947698167916,116.94320379906289,107.804971248768,66.51220148526072,94.09350638290107,87.49647746594113,51.99086531881047,97.0867921776972,77.86028305588422
10.0,03_10_0166,U4,Measure/Scanned,725887.0,0.005,CREOL-A112,10/25/2024,DI Water,5.0,,03_10_0166_U4_20241028_CV_1.csv,03_10_0166_U4_20241028_CF_1.csv,,03_10_0166_U4_20231121_CV_0.csv,03_10_0166_U4_20231121_CF_0.csv,,03_10_0246_000_U4.jpg,03_10_0166_001_U4.jpg,35.808664229019854,112.57555632895611,103.59231892037899,63.131461934840424,87.84869141243914,81.98251435581291,48.85354430136644,93.09977906139186,72.89491668987283
10.0,03_10_0171,U1,Not started,,,,,,,,,,,03_10_0171_U1_20231121_CV_0.csv,03_10_0171_U1_20231121_CF_0.csv,,03_10_0246_000_U1.jpg,,,,,,,,,,
10.0,03_10_0171,U2,Not started,,,,,,,,,,,03_10_0171_U2_20231121_CV_0.csv,03_10_0171_U2_20231121_CF_0.csv,,03_10_0246_000_U2.jpg,,,,,,,,,,
10.0,03_10_0171,U3,Not started,,,,,,,,,,,03_10_0171_U3_20231121_CV_0.csv,03_10_0171_U3_20231121_CF_0.csv,,03_10_0246_000_U3.jpg,,,,,,,,,,
10.0,03_10_0171,U4,Not started,,,,,,,,,,,03_10_0171_U4_20231121_CV_0.csv,03_10_0171_U4_20231121_CF_0.csv,,03_10_0246_000_U4.jpg,,,,,,,,,,
10.0,03_10_0176,U1,Not started,,,,,,,,,,,03_10_0176_U1_20231121_CV_0.csv,03_10_0176_U1_20231121_CF_0.csv,,03_10_0246_000_U1.jpg,,,,,,,,,,
10.0,03_10_0176,U2,Not started,,,,,,,,,,,03_10_0176_U2_20231121_CV_0.csv,03_10_0176_U2_20231121_CF_0.csv,,03_10_0246_000_U2.jpg,,,,,,,,,,
10.0,03_10_0176,U3,Not started,,,,,,,,,,,03_10_0176_U3_20231121_CV_0.csv,03_10_0176_U3_20231121_CF_0.csv,,03_10_0246_000_U3.jpg,,,,,,,,,,
10.0,03_10_0176,U4,Not started,,,,,,,,,,,03_10_0176_U4_20231121_CV_0.csv,03_10_0176_U4_20231121_CF_0.csv,,03_10_0246_000_U4.jpg,,,,,,,,,,
10.0,03_10_0181,U1,Measure/Scanned,16984.0,03_10_0181_U1_20250131_I.csv,CREOL-A112,1/31/2025,Succinic 1.425mM,5.0,,03_10_0181_U1_20250207_CV_1.csv,03_10_0181_U1_20250207_CF_1.csv,,03_10_0181_U1_20240524_CV_0.csv,03_10_0181_U1_20240524_CF_0.csv,,03_10_0246_000_U1.jpg,03_10_0181_001_U1.jpg,3.113710234773147,111.39366117007602,105.5748545405896,65.45078513979318,113.76243151562845,105.07506244820823,63.49264154430395,94.13976695015293,94.11004516938021
10.0,03_10_0181,U2,Measure/Scanned,16888.0,03_10_0181_U2_20250131_I.csv,CREOL-A112,1/31/2025,Succinic 1.425mM,5.0,,03_10_0181_U2_20250207_CV_1.csv,03_10_0181_U2_20250207_CF_1.csv,,03_10_0181_U2_20240524_CV_0.csv,03_10_0181_U2_20240524_CF_0.csv,,03_10_0246_000_U2.jpg,03_10_0181_001_U2.jpg,11.299309016165905,112.47114141606798,106.75393911458664,66.63138682264183,110.21004632310365,101.03827567071994,57.150193616097276,95.2854891177655,89.46617186997362
10.0,03_10_0181,U3,Measure/Scanned,16967.0,03_10_0181_U3_20250131_I.csv,CREOL-A112,1/31/2025,Succinic 1.425mM,5.0,,03_10_0181_U3_20250207_CV_1.csv,03_10_0181_U3_20250207_CF_1.csv,,03_10_0181_U3_20240524_CV_0.csv,03_10_0181_U3_20240524_CF_0.csv,,03_10_0246_000_U3.jpg,03_10_0181_001_U3.jpg,12.290279015479738,116.94320379906289,107.804971248768,66.51220148526072,113.45961252220675,101.5944501128343,56.494967470110915,97.0867921776972,90.516343368384
10.0,03_10_0181,U4,Measure/Scanned,16948.0,03_10_0181_U4_20250131_I.csv,CREOL-A112,1/31/2025,Succinic 1.425mM,5.0,,03_10_0181_U4_20250207_CV_1.csv,03_10_0181_U4_20250207_CF_1.csv,,03_10_0181_U4_20240524_CV_0.csv,03_10_0181_U4_20240524_CF_0.csv,,03_10_0246_000_U4.jpg,03_10_0181_001_U4.jpg,4.884556181623146,112.57555632895611,103.59231892037899,63.131461934840424,113.11102255137254,101.82268841330928,58.61033675580234,93.09977906139186,91.1813492401614
10.0,03_10_0186,U1,Measure/Scanned,1535457.0,0.0051,CREOL-A112,11/12/2024,DI Water,5.0,restart,03_10_0186_U1_20241114_CV_1.csv,03_10_0186_U1_20241114_CF_1.csv,,03_10_0186_U1_20240524_CV_0.csv,03_10_0186_U1_20240524_CF_0.csv,,03_10_0246_000_U1.jpg,03_10_0186_001_U1.jpg,46.0947824142018,111.39366117007602,105.5748545405896,65.45078513979318,80.23245926896435,76.090878431658,48.58651478206015,94.13976695015293,68.30328416089417
10.0,03_10_0186,U2,Measure/Scanned,1171212.0,0.005,CREOL-A112,10/25/2024,DI Water,5.0,,03_10_0186_U2_20241114_CV_1.csv,03_10_0186_U2_20241028_CF_1.csv,,03_10_0186_U2_20240524_CV_0.csv,03_10_0186_U2_20240524_CF_0.csv,,03_10_0246_000_U2.jpg,03_10_0186_001_U2.jpg,17.843564515561766,112.47114141606798,106.75393911458664,66.63138682264183,101.83930063542373,95.2948133117132,58.02643522080438,95.2854891177655,85.05351638931377
10.0,03_10_0186,U3,Measure/Scanned,354138.0,0.005,CREOL-A112,10/25/2024,DI Water,5.0,,03_10_0186_U3_20241114_CV_1.csv,03_10_0186_U3_20241114_CF_1.csv,,03_10_0186_U3_20240524_CV_0.csv,03_10_0186_U3_20240524_CF_0.csv,,03_10_0246_000_U3.jpg,03_10_0186_001_U3.jpg,15.96995182522711,116.94320379906289,107.804971248768,66.51220148526072,110.72400359257031,97.84144366656945,55.691433110953554,97.0867921776972,88.0856267900311
10.0,03_10_0186,U4,Measure/Scanned,725887.0,0.005,CREOL-A112,10/25/2024,DI Water,5.0,,03_10_0186_U4_20241114_CV_1.csv,03_10_0186_U4_20241114_CF_1.csv,,03_10_0186_U4_20240524_CV_0.csv,03_10_0186_U4_20240524_CF_0.csv,,03_10_0246_000_U4.jpg,03_10_0186_001_U4.jpg,14.229436571311675,112.57555632895611,103.59231892037899,63.131461934840424,102.87460342348935,94.74408416883992,57.647200850195155,93.09977906139186,85.08862948084148
10.0,03_10_0191,U1,Not started,,,,,,,,,,,03_10_0191_U1_20240524_CV_0.csv,03_10_0191_U1_20240524_CF_0.csv,,03_10_0246_000_U1.jpg,,,,,,,,,,
10.0,03_10_0191,U2,Not started,,,,,,,,,,,03_10_0191_U2_20240524_CV_0.csv,03_10_0191_U2_20240524_CF_0.csv,,03_10_0246_000_U2.jpg,,,,,,,,,,
10.0,03_10_0191,U3,Not started,,,,,,,,,,,03_10_0191_U3_20240524_CV_0.csv,03_10_0191_U3_20240524_CF_0.csv,,03_10_0246_000_U3.jpg,,,,,,,,,,
10.0,03_10_0191,U4,Not started,,,,,,,,,,,03_10_0191_U4_20240524_CV_0.csv,03_10_0191_U4_20240524_CF_0.csv,,03_10_0246_000_U4.jpg,,,,,,,,,,
10.0,03_10_0196,U1,Not started,,,,,,,,,,,03_10_0196_U1_20240524_CV_0.csv,03_10_0196_U1_20240524_CF_0.csv,,03_10_0246_000_U1.jpg,,,,,,,,,,
10.0,03_10_0196,U2,Not started,,,,,,,,,,,03_10_0196_U2_20240524_CV_0.csv,03_10_0196_U2_20240524_CF_0.csv,,03_10_0246_000_U2.jpg,,,,,,,,,,
10.0,03_10_0196,U3,Not started,,,,,,,,,,,03_10_0196_U3_20240524_CV_0.csv,03_10_0196_U3_20240524_CF_0.csv,,03_10_0246_000_U3.jpg,,,,,,,,,,
10.0,03_10_0196,U4,Not started,,,,,,,,,,,03_10_0196_U4_20240524_CV_0.csv,03_10_0196_U4_20240524_CF_0.csv,,03_10_0246_000_U4.jpg,,,,,,,,,,
10.0,03_10_0201,U1,Not started,,,,,,,,,,,03_10_0201_U1_20240524_CV_0.csv,03_10_0201_U1_20240524_CF_0.csv,,03_10_0246_000_U1.jpg,,,,,,,,,,
10.0,03_10_0201,U2,Not started,,,,,,,,,,,03_10_0201_U2_20240524_CV_0.csv,03_10_0201_U2_20240524_CF_0.csv,,03_10_0246_000_U2.jpg,,,,,,,,,,
10.0,03_10_0201,U3,Not started,,,,,,,,,,,03_10_0201_U3_20240524_CV_0.csv,03_10_0201_U3_20240524_CF_0.csv,,03_10_0246_000_U3.jpg,,,,,,,,,,
10.0,03_10_0201,U4,Not started,,,,,,,,,,,03_10_0201_U4_20240524_CV_0.csv,03_10_0201_U4_20240524_CF_0.csv,,03_10_0246_000_U4.jpg,,,,,,,,,,
10.0,03_10_0206,U1,Not started,,,,,,,,,,,03_10_0206_U1_20240524_CV_0.csv,03_10_0206_U1_20240524_CF_0.csv,,03_10_0246_000_U1.jpg,,,,,,,,,,
10.0,03_10_0206,U2,Not started,,,,,,,,,,,03_10_0206_U2_20240524_CV_0.csv,03_10_0206_U2_20240524_CF_0.csv,,03_10_0246_000_U2.jpg,,,,,,,,,,
10.0,03_10_0206,U3,Not started,,,,,,,,,,,03_10_0206_U3_20240524_CV_0.csv,03_10_0206_U3_20240524_CF_0.csv,,03_10_0246_000_U3.jpg,,,,,,,,,,
10.0,03_10_0206,U4,Not started,,,,,,,,,,,03_10_0206_U4_20240524_CV_0.csv,03_10_0206_U4_20240524_CF_0.csv,,03_10_0246_000_U4.jpg,,,,,,,,,,
10.0,03_10_0211,U1,Measure/Scanned,959070.0,0.005,CREOL-A112,12/10/2024,DI Water,5.0,,03_10_0211_U1_20241216_CV_1.csv,03_10_0211_U1_20241216_CF_1.csv,,03_10_0211_U1_20240524_CV_0.csv,03_10_0211_U1_20240524_CF_0.csv,,03_10_0246_000_U1.jpg,03_10_0211_001_U1.jpg,33.81430086298381,111.39366117007602,105.5748545405896,65.45078513979318,91.73389424066097,83.64755097038598,48.834712641347515,94.13976695015293,74.73871928413149
10.0,03_10_0211,U2,Measure/Scanned,652894.0,0.0051,CREOL-A112,11/20/2024,DI Water,5.0,Dried after sensor fail,03_10_0211_U2_20241216_CV_1.csv,03_10_0211_U2_20241216_CF_1.csv,,03_10_0211_U2_20240524_CV_0.csv,03_10_0211_U2_20240524_CF_0.csv,,03_10_0246_000_U2.jpg,03_10_0211_001_U2.jpg,16.815679827870596,112.47114141606798,106.75393911458664,66.63138682264183,103.61275167138353,96.40558384869416,56.7719972626539,95.2854891177655,85.59677759424386
10.0,03_10_0211,U3,Measure/Scanned,687669.0,0.005,CREOL-A112,11/12/2024,DI Water,5.0,Dried after sensor failed,03_10_0211_U3_20241216_CV_1.csv,03_10_0211_U3_20241216_CF_1.csv,,03_10_0211_U3_20240524_CV_0.csv,03_10_0211_U3_20240524_CF_0.csv,,03_10_0246_000_U3.jpg,03_10_0211_001_U3.jpg,8.800951813950222,116.94320379906289,107.804971248768,66.51220148526072,110.32729544746242,102.21314638122408,64.95720818449884,97.0867921776972,92.49921667106177
10.0,03_10_0211,U4,Measure/Scanned,632091.0,0.005,CREOL-A112,12/10/2024,DI Water,5.0,,03_10_0211_U4_20241216_CV_1.csv,03_10_0211_U4_20241216_CF_1.csv,,03_10_0211_U4_20240524_CV_0.csv,03_10_0211_U4_20240524_CF_0.csv,,03_10_0246_000_U4.jpg,03_10_0211_001_U4.jpg,27.00301007535745,112.57555632895611,103.59231892037899,63.131461934840424,96.42923147568654,86.14543519334407,50.32267607989424,93.09977906139186,77.63244758297493
10.0,03_10_0216,U1,Not started,,,,,,,,,,,03_10_0216_U1_20240524_CV_0.csv,03_10_0216_U1_20240524_CF_0.csv,,03_10_0246_000_U1.jpg,,,,,,,,,,
10.0,03_10_0216,U2,Not started,,,,,,,,,,,03_10_0216_U2_20240524_CV_0.csv,03_10_0216_U2_20240524_CF_0.csv,,03_10_0246_000_U2.jpg,,,,,,,,,,
10.0,03_10_0216,U3,Not started,,,,,,,,,,,03_10_0216_U3_20240524_CV_0.csv,03_10_0216_U3_20240524_CF_0.csv,,03_10_0246_000_U3.jpg,,,,,,,,,,
10.0,03_10_0216,U4,Not started,,,,,,,,,,,03_10_0216_U4_20240524_CV_0.csv,03_10_0216_U4_20240524_CF_0.csv,,03_10_0246_000_U4.jpg,,,,,,,,,,
10.0,03_10_0221,U1,Not started,,,,,,,,,,,03_10_0221_U1_20240524_CV_0.csv,03_10_0221_U1_20240524_CF_0.csv,,03_10_0246_000_U1.jpg,,,,,,,,,,
10.0,03_10_0221,U2,Not started,,,,,,,,,,,03_10_0221_U2_20240524_CV_0.csv,03_10_0221_U2_20240524_CF_0.csv,,03_10_0246_000_U2.jpg,,,,,,,,,,
10.0,03_10_0221,U3,Not started,,,,,,,,,,,03_10_0221_U3_20240524_CV_0.csv,03_10_0221_U3_20240524_CF_0.csv,,03_10_0246_000_U3.jpg,,,,,,,,,,
10.0,03_10_0221,U4,Not started,,,,,,,,,,,03_10_0221_U4_20240524_CV_0.csv,03_10_0221_U4_20240524_CF_0.csv,,03_10_0246_000_U4.jpg,,,,,,,,,,
10.0,03_10_0226,U1,Measure/Scanned,783717.0,0.0051,CREOL-A112,12/10/2024,DI Water,5.0,,03_10_0226_U1_20241216_CV_1.csv,03_10_0226_U1_20241216_CF_1.csv,,03_10_0226_U1_20240524_CV_0.csv,03_10_0226_U1_20240524_CF_0.csv,,03_10_0246_000_U1.jpg,03_10_0226_001_U1.jpg,41.265079273915596,111.39366117007602,105.5748545405896,65.45078513979318,86.26697743449947,80.12265394517644,44.868219294260186,94.13976695015293,70.4192835579787
10.0,03_10_0226,U2,Measure/Scanned,927631.0,0.005,CREOL-A112,11/20/2024,DI Water,5.0,paused and dried,03_10_0226_U2_20241216_CV_1.csv,03_10_0226_U2_20241216_CF_1.csv,,03_10_0226_U2_20240524_CV_0.csv,03_10_0226_U2_20240524_CF_0.csv,,03_10_0246_000_U2.jpg,03_10_0226_001_U2.jpg,40.265787697777654,112.47114141606798,106.75393911458664,66.63138682264183,87.77021884036512,81.59954403668266,47.17747998888849,95.2854891177655,72.18241428864542
10.0,03_10_0226,U3,Measure/Scanned,906931.0,0.0051,CREOL-A112,11/12/2024,DI Water,5.0,Paused after failing this sensor,03_10_0226_U3_20241216_CV_1.csv,03_10_0226_U3_20241216_CF_1.csv,,03_10_0226_U3_20240524_CV_0.csv,03_10_0226_U3_20240524_CF_0.csv,,03_10_0246_000_U3.jpg,03_10_0226_001_U3.jpg,14.983732726824686,116.94320379906289,107.804971248768,66.51220148526072,104.03782933006526,100.30288681169148,65.21517205504884,97.0867921776972,89.85196273226852
10.0,03_10_0226,U4,Measure/Scanned,862068.0,0.005,CREOL-A112,12/10/2024,DI Water,5.0,,03_10_0226_U4_20241216_CV_1.csv,03_10_0226_U4_20241216_CF_1.csv,,03_10_0226_U4_20240524_CV_0.csv,03_10_0226_U4_20240524_CF_0.csv,,03_10_0246_000_U4.jpg,03_10_0226_001_U4.jpg,35.1227557018168,112.57555632895611,103.59231892037899,63.131461934840424,90.63570881897094,81.94115607740771,46.29465086874949,93.09977906139186,72.95717192170939
10.0,03_10_0231,U1,Not started,,,,,,,,,,,03_10_0231_U1_20240524_CV_0.csv,03_10_0231_U1_20240524_CF_0.csv,,03_10_0246_000_U1.jpg,,,,,,,,,,
10.0,03_10_0231,U2,Not started,,,,,,,,,,,03_10_0231_U2_20240524_CV_0.csv,03_10_0231_U2_20240524_CF_0.csv,,03_10_0246_000_U2.jpg,,,,,,,,,,
10.0,03_10_0231,U3,Not started,,,,,,,,,,,03_10_0231_U3_20240524_CV_0.csv,03_10_0231_U3_20240524_CF_0.csv,,03_10_0246_000_U3.jpg,,,,,,,,,,
10.0,03_10_0231,U4,Not started,,,,,,,,,,,03_10_0231_U4_20240524_CV_0.csv,03_10_0231_U4_20240524_CF_0.csv,,03_10_0246_000_U4.jpg,,,,,,,,,,
10.0,03_10_0236,U1,Not started,,,,,,,,,,,03_10_0236_U1_20240524_CV_0.csv,03_10_0236_U1_20240524_CF_0.csv,,03_10_0246_000_U1.jpg,,,,,,,,,,
10.0,03_10_0236,U2,Not started,,,,,,,,,,,03_10_0236_U2_20240524_CV_0.csv,03_10_0236_U2_20240524_CF_0.csv,,03_10_0246_000_U2.jpg,,,,,,,,,,
10.0,03_10_0236,U3,Not started,,,,,,,,,,,03_10_0236_U3_20240524_CV_0.csv,03_10_0236_U3_20240524_CF_0.csv,,03_10_0246_000_U3.jpg,,,,,,,,,,
10.0,03_10_0236,U4,Not started,,,,,,,,,,,03_10_0236_U4_20240524_CV_0.csv,03_10_0236_U4_20240524_CF_0.csv,,03_10_0246_000_U4.jpg,,,,,,,,,,
10.0,03_10_0241,U1,Not started,,,,,,,,,,,03_10_0241_U1_20240524_CV_0.csv,03_10_0241_U1_20240524_CF_0.csv,,03_10_0246_000_U1.jpg,,,,,,,,,,
10.0,03_10_0241,U2,Not started,,,,,,,,,,,03_10_0241_U2_20240524_CV_0.csv,03_10_0241_U2_20240524_CF_0.csv,,03_10_0246_000_U2.jpg,,,,,,,,,,
10.0,03_10_0241,U3,Not started,,,,,,,,,,,03_10_0241_U3_20240524_CV_0.csv,03_10_0241_U3_20240524_CF_0.csv,,03_10_0246_000_U3.jpg,,,,,,,,,,
10.0,03_10_0241,U4,Not started,,,,,,,,,,,03_10_0241_U4_20240524_CV_0.csv,03_10_0241_U4_20240524_CF_0.csv,,03_10_0246_000_U4.jpg,,,,,,,,,,
10.0,03_10_0246,U1,Measure/Scanned,523603.0,0.0052,CREOL-A112,11/26/2024,DI Water,5.0,,03_10_0246_U1_20241216_CV_1.csv,03_10_0246_U1_20241216_CF_1.csv,,03_10_0246_U1_20240524_CV_0.csv,03_10_0246_U1_20240524_CF_0.csv,,03_10_0246_000_U1.jpg,03_10_0246_001_U1.jpg,30.305874194325654,111.39366117007602,105.5748545405896,65.45078513979318,94.15602474448629,86.75764150379536,49.10384675153906,94.13976695015293,76.67250433327357
10.0,03_10_0246,U2,Measure/Scanned,838269.0,0.0051,CREOL-A112,11/20/2024,DI Water,5.0,,03_10_0246_U2_20241216_CV_1.csv,03_10_0246_U2_20241216_CF_1.csv,,03_10_0246_U2_20240524_CV_0.csv,03_10_0246_U2_20240524_CF_0.csv,,03_10_0246_000_U2.jpg,03_10_0246_001_U2.jpg,20.88232633143604,112.47114141606798,106.75393911458664,66.63138682264183,99.44084398674242,94.00285842319883,56.44841853644867,95.2854891177655,83.29737364879664
10.0,03_10_0246,U3,Measure/Scanned,664028.0,0.0051,CREOL-A112,11/12/2024,DI Water,5.0,,03_10_0246_U3_20241216_CV_1.csv,03_10_0246_U3_20241216_CF_1.csv,,03_10_0246_U3_20240524_CV_0.csv,03_10_0246_U3_20240524_CF_0.csv,,03_10_0246_000_U3.jpg,03_10_0246_001_U3.jpg,4.460257518206758,116.94320379906289,107.804971248768,66.51220148526072,112.8747179753332,106.17784433439776,65.67926797329085,97.0867921776972,94.9106100943406
10.0,03_10_0246,U4,Measure/Scanned,505097.0,0.005,CREOL-A112,11/26/2024,DI Water,5.0,,03_10_0246_U4_20241216_CV_1.csv,03_10_0246_U4_20241216_CF_1.csv,,03_10_0246_U4_20240524_CV_0.csv,03_10_0246_U4_20240524_CF_0.csv,,03_10_0246_000_U4.jpg,03_10_0246_001_U4.jpg,17.08023916399139,112.57555632895611,103.59231892037899,63.131461934840424,102.15539640634553,93.65699487636445,53.94211085727286,93.09977906139186,83.25150071332762
